-- ============================================================
-- QA MASTER DATA - SQLite / Cloudflare D1 Migration Script
-- Source file: QA_Master_DATA.xlsx
-- Generated at: 2026-05-16 21:40:49
-- Notes: D1-compatible SQLite syntax; all Excel sheets converted.
-- ============================================================

PRAGMA foreign_keys = OFF;
BEGIN TRANSACTION;

DROP TABLE IF EXISTS "supplier_master";
CREATE TABLE "supplier_master" (
    "id" INTEGER PRIMARY KEY AUTOINCREMENT,
    "supplier_id" TEXT,
    "supplier_name" TEXT,
    "material_type" TEXT,
    "risk_level" TEXT,
    "coarequired" TEXT,
    "halalcert" TEXT,
    "gmpstatus" TEXT,
    "approved_status" TEXT,
    "lastauditdate" TEXT,
    "material_code" TEXT,
    "column_11" TEXT,
    "column_12" TEXT,
    "column_13" TEXT,
    "column_14" TEXT,
    "column_15" TEXT,
    "column_16" TEXT,
    "column_17" TEXT,
    "column_18" TEXT,
    "column_19" TEXT,
    "column_20" TEXT,
    "column_21" TEXT,
    "column_22" TEXT,
    "column_23" TEXT,
    "column_24" TEXT,
    "column_25" TEXT,
    "column_26" TEXT,
    "column_27" TEXT,
    "column_28" TEXT,
    "column_29" TEXT,
    "column_30" TEXT,
    "column_31" TEXT
);
INSERT INTO "supplier_master" ("supplier_id", "supplier_name", "material_type", "risk_level", "coarequired", "halalcert", "gmpstatus", "approved_status", "lastauditdate", "material_code", "column_11", "column_12", "column_13", "column_14", "column_15", "column_16", "column_17", "column_18", "column_19", "column_20", "column_21", "column_22", "column_23", "column_24", "column_25", "column_26", "column_27", "column_28", "column_29", "column_30", "column_31") VALUES ('SP0001', 'บริษัท เบทาโกรเกษตรอุตสาหกรรม จำกัด (หมู)', 'RM', 'HIGH', 'Yes', 'Yes', 'Certified', 'Approved', '2025-11-15 00:00:00', 'RM0001, RM0002', NULL, NULL, NULL, NULL, NULL, NULL, NULL, NULL, NULL, NULL, NULL, NULL, NULL, NULL, NULL, NULL, NULL, NULL, NULL, NULL, NULL);
INSERT INTO "supplier_master" ("supplier_id", "supplier_name", "material_type", "risk_level", "coarequired", "halalcert", "gmpstatus", "approved_status", "lastauditdate", "material_code", "column_11", "column_12", "column_13", "column_14", "column_15", "column_16", "column_17", "column_18", "column_19", "column_20", "column_21", "column_22", "column_23", "column_24", "column_25", "column_26", "column_27", "column_28", "column_29", "column_30", "column_31") VALUES ('SP0002', 'บริษัท เบทาโกรเกษตรอุตสาหกรรม จำกัด (ไก่)', 'RM', 'HIGH', 'Yes', 'Yes', 'Certified', 'Approved', '2025-11-15 00:00:00', 'RM0004', 'RM0005', NULL, NULL, NULL, NULL, NULL, NULL, NULL, NULL, NULL, NULL, NULL, NULL, NULL, NULL, NULL, NULL, NULL, NULL, NULL, NULL);
INSERT INTO "supplier_master" ("supplier_id", "supplier_name", "material_type", "risk_level", "coarequired", "halalcert", "gmpstatus", "approved_status", "lastauditdate", "material_code", "column_11", "column_12", "column_13", "column_14", "column_15", "column_16", "column_17", "column_18", "column_19", "column_20", "column_21", "column_22", "column_23", "column_24", "column_25", "column_26", "column_27", "column_28", "column_29", "column_30", "column_31") VALUES ('SP0003', 'บริษัท เอส แอล พิทักษ์ จำกัด', 'RM', 'HIGH', 'Yes', 'Yes', 'Certified', 'Approved', '2025-10-10 00:00:00', 'RM0001', 'RM0002', NULL, NULL, NULL, NULL, NULL, NULL, NULL, NULL, NULL, NULL, NULL, NULL, NULL, NULL, NULL, NULL, NULL, NULL, NULL, NULL);
INSERT INTO "supplier_master" ("supplier_id", "supplier_name", "material_type", "risk_level", "coarequired", "halalcert", "gmpstatus", "approved_status", "lastauditdate", "material_code", "column_11", "column_12", "column_13", "column_14", "column_15", "column_16", "column_17", "column_18", "column_19", "column_20", "column_21", "column_22", "column_23", "column_24", "column_25", "column_26", "column_27", "column_28", "column_29", "column_30", "column_31") VALUES ('SP0004', 'บริษัท ฟู้ด จ๊อบ จำกัด', 'RM', 'HIGH', 'Yes', 'Yes', 'Certified', 'Approved', '2025-10-05 00:00:00', 'RM0004', 'RM0005', NULL, NULL, NULL, NULL, NULL, NULL, NULL, NULL, NULL, NULL, NULL, NULL, NULL, NULL, NULL, NULL, NULL, NULL, NULL, NULL);
INSERT INTO "supplier_master" ("supplier_id", "supplier_name", "material_type", "risk_level", "coarequired", "halalcert", "gmpstatus", "approved_status", "lastauditdate", "material_code", "column_11", "column_12", "column_13", "column_14", "column_15", "column_16", "column_17", "column_18", "column_19", "column_20", "column_21", "column_22", "column_23", "column_24", "column_25", "column_26", "column_27", "column_28", "column_29", "column_30", "column_31") VALUES ('SP0005', 'ห้างหุ้นส่วนจำกัด หมูสามตัว', 'DM', 'HIGH', 'Yes', 'Yes', 'Certified', 'Approved', '2025-07-12 00:00:00', 'RM0006', NULL, NULL, NULL, NULL, NULL, NULL, NULL, NULL, NULL, NULL, NULL, NULL, NULL, NULL, NULL, NULL, NULL, NULL, NULL, NULL, NULL);
INSERT INTO "supplier_master" ("supplier_id", "supplier_name", "material_type", "risk_level", "coarequired", "halalcert", "gmpstatus", "approved_status", "lastauditdate", "material_code", "column_11", "column_12", "column_13", "column_14", "column_15", "column_16", "column_17", "column_18", "column_19", "column_20", "column_21", "column_22", "column_23", "column_24", "column_25", "column_26", "column_27", "column_28", "column_29", "column_30", "column_31") VALUES ('SP0006', 'ร้าน ปายปายค้าข้าว', 'DM', 'LOW', 'No', 'N/A', 'N/A', 'Conditional', NULL, NULL, NULL, NULL, NULL, NULL, NULL, NULL, NULL, NULL, NULL, NULL, NULL, NULL, NULL, NULL, NULL, NULL, NULL, NULL, NULL, NULL, NULL);
INSERT INTO "supplier_master" ("supplier_id", "supplier_name", "material_type", "risk_level", "coarequired", "halalcert", "gmpstatus", "approved_status", "lastauditdate", "material_code", "column_11", "column_12", "column_13", "column_14", "column_15", "column_16", "column_17", "column_18", "column_19", "column_20", "column_21", "column_22", "column_23", "column_24", "column_25", "column_26", "column_27", "column_28", "column_29", "column_30", "column_31") VALUES ('SP0007', 'บริษัท ซีพีแอ็กซ์ตร้า จำกัด (มหาชน)', 'DM', 'LOW', 'Yes', 'N/A', 'Certified', 'Approved', '2025-09-20 00:00:00', 'PD0006', 'PD0022', 'PD0025', 'PD0026', 'PD0027', 'PD0028', 'PD0034', 'PD0035', 'PD0010', 'PD0024', 'PD0029', 'PD0031', 'PD0033', NULL, NULL, NULL, NULL, NULL, NULL, NULL, NULL, NULL);
INSERT INTO "supplier_master" ("supplier_id", "supplier_name", "material_type", "risk_level", "coarequired", "halalcert", "gmpstatus", "approved_status", "lastauditdate", "material_code", "column_11", "column_12", "column_13", "column_14", "column_15", "column_16", "column_17", "column_18", "column_19", "column_20", "column_21", "column_22", "column_23", "column_24", "column_25", "column_26", "column_27", "column_28", "column_29", "column_30", "column_31") VALUES ('SP0008', 'บริษัท หยั่นหว่อ หยุ่น คอร์ปอเรชั่น จำกัด', 'DM', 'LOW', 'Yes', 'Yes', 'Pending', 'Approved', '2025-08-15 00:00:00', 'PD0001', 'PD0003', 'PD0004', 'PD0005', NULL, NULL, NULL, NULL, NULL, NULL, NULL, NULL, NULL, NULL, NULL, NULL, NULL, NULL, NULL, NULL, NULL, NULL);
INSERT INTO "supplier_master" ("supplier_id", "supplier_name", "material_type", "risk_level", "coarequired", "halalcert", "gmpstatus", "approved_status", "lastauditdate", "material_code", "column_11", "column_12", "column_13", "column_14", "column_15", "column_16", "column_17", "column_18", "column_19", "column_20", "column_21", "column_22", "column_23", "column_24", "column_25", "column_26", "column_27", "column_28", "column_29", "column_30", "column_31") VALUES ('SP0009', 'บริษัท ยิ่งเจริญ มงคลฟู้ดส์ จำกัด', 'DM', 'LOW', 'Yes', 'Yes', 'Certified', 'Approved', '2025-09-01 00:00:00', 'PD0002', NULL, NULL, NULL, NULL, NULL, NULL, NULL, NULL, NULL, NULL, NULL, NULL, NULL, NULL, NULL, NULL, NULL, NULL, NULL, NULL, NULL);
INSERT INTO "supplier_master" ("supplier_id", "supplier_name", "material_type", "risk_level", "coarequired", "halalcert", "gmpstatus", "approved_status", "lastauditdate", "material_code", "column_11", "column_12", "column_13", "column_14", "column_15", "column_16", "column_17", "column_18", "column_19", "column_20", "column_21", "column_22", "column_23", "column_24", "column_25", "column_26", "column_27", "column_28", "column_29", "column_30", "column_31") VALUES ('SP0010', 'บริษัท เดลี่ ฟู้ดส์ จำกัด', 'DM', 'LOW', 'Yes', 'Yes', 'Certified', 'Approved', '2025-10-01 00:00:00', 'PD0019', NULL, NULL, NULL, NULL, NULL, NULL, NULL, NULL, NULL, NULL, NULL, NULL, NULL, NULL, NULL, NULL, NULL, NULL, NULL, NULL, NULL);
INSERT INTO "supplier_master" ("supplier_id", "supplier_name", "material_type", "risk_level", "coarequired", "halalcert", "gmpstatus", "approved_status", "lastauditdate", "material_code", "column_11", "column_12", "column_13", "column_14", "column_15", "column_16", "column_17", "column_18", "column_19", "column_20", "column_21", "column_22", "column_23", "column_24", "column_25", "column_26", "column_27", "column_28", "column_29", "column_30", "column_31") VALUES ('SP0011', 'บริษัท เอ็น.อาร์.น้ำตาลมะพร้าว จำกัด', 'DM', 'LOW', 'Yes', 'Yes', 'Certified', 'Approved', '2025-11-02 00:00:00', 'PD0018', NULL, NULL, NULL, NULL, NULL, NULL, NULL, NULL, NULL, NULL, NULL, NULL, NULL, NULL, NULL, NULL, NULL, NULL, NULL, NULL, NULL);
INSERT INTO "supplier_master" ("supplier_id", "supplier_name", "material_type", "risk_level", "coarequired", "halalcert", "gmpstatus", "approved_status", "lastauditdate", "material_code", "column_11", "column_12", "column_13", "column_14", "column_15", "column_16", "column_17", "column_18", "column_19", "column_20", "column_21", "column_22", "column_23", "column_24", "column_25", "column_26", "column_27", "column_28", "column_29", "column_30", "column_31") VALUES ('SP0012', 'โรงงานน้ำตาลโชควาสนา', 'DM', 'LOW', 'Yes', 'Yes', 'Certified', 'Approved', '2025-06-20 00:00:00', 'PD0017', NULL, NULL, NULL, NULL, NULL, NULL, NULL, NULL, NULL, NULL, NULL, NULL, NULL, NULL, NULL, NULL, NULL, NULL, NULL, NULL, NULL);
INSERT INTO "supplier_master" ("supplier_id", "supplier_name", "material_type", "risk_level", "coarequired", "halalcert", "gmpstatus", "approved_status", "lastauditdate", "material_code", "column_11", "column_12", "column_13", "column_14", "column_15", "column_16", "column_17", "column_18", "column_19", "column_20", "column_21", "column_22", "column_23", "column_24", "column_25", "column_26", "column_27", "column_28", "column_29", "column_30", "column_31") VALUES ('SP0013', 'บริษัท จิมสกรุ๊ป จำกัด', 'DM', 'LOW', 'Yes', 'Yes', 'Certified', 'Approved', '2025-06-18 00:00:00', 'PD0007', NULL, NULL, NULL, NULL, NULL, NULL, NULL, NULL, NULL, NULL, NULL, NULL, NULL, NULL, NULL, NULL, NULL, NULL, NULL, NULL, NULL);
INSERT INTO "supplier_master" ("supplier_id", "supplier_name", "material_type", "risk_level", "coarequired", "halalcert", "gmpstatus", "approved_status", "lastauditdate", "material_code", "column_11", "column_12", "column_13", "column_14", "column_15", "column_16", "column_17", "column_18", "column_19", "column_20", "column_21", "column_22", "column_23", "column_24", "column_25", "column_26", "column_27", "column_28", "column_29", "column_30", "column_31") VALUES ('SP0014', 'บริษัท ไอ พลัส ซัพพลายส์ จำกัด', 'DM', 'LOW', 'Yes', 'N/A', 'Certified', 'Approved', '2025-08-01 00:00:00', 'PD0008', NULL, NULL, NULL, NULL, NULL, NULL, NULL, NULL, NULL, NULL, NULL, NULL, NULL, NULL, NULL, NULL, NULL, NULL, NULL, NULL, NULL);
INSERT INTO "supplier_master" ("supplier_id", "supplier_name", "material_type", "risk_level", "coarequired", "halalcert", "gmpstatus", "approved_status", "lastauditdate", "material_code", "column_11", "column_12", "column_13", "column_14", "column_15", "column_16", "column_17", "column_18", "column_19", "column_20", "column_21", "column_22", "column_23", "column_24", "column_25", "column_26", "column_27", "column_28", "column_29", "column_30", "column_31") VALUES ('SP0015', 'หจก.สหบุญญชาติ ฟลาวเซ็นเตอร์', 'DM', 'LOW', 'Yes', 'N/A', 'Certified', 'Approved', '2025-07-25 00:00:00', 'PD0009', NULL, NULL, NULL, NULL, NULL, NULL, NULL, NULL, NULL, NULL, NULL, NULL, NULL, NULL, NULL, NULL, NULL, NULL, NULL, NULL, NULL);
INSERT INTO "supplier_master" ("supplier_id", "supplier_name", "material_type", "risk_level", "coarequired", "halalcert", "gmpstatus", "approved_status", "lastauditdate", "material_code", "column_11", "column_12", "column_13", "column_14", "column_15", "column_16", "column_17", "column_18", "column_19", "column_20", "column_21", "column_22", "column_23", "column_24", "column_25", "column_26", "column_27", "column_28", "column_29", "column_30", "column_31") VALUES ('SP0016', 'ร้าน จูนีย์ (หอม-กระเทียม)', 'DM', 'LOW', 'Yes', 'N/A', 'Certified', 'Approved', '2025-07-26 00:00:00', 'PD0011', NULL, NULL, NULL, NULL, NULL, NULL, NULL, NULL, NULL, NULL, NULL, NULL, NULL, NULL, NULL, NULL, NULL, NULL, NULL, NULL, NULL);
INSERT INTO "supplier_master" ("supplier_id", "supplier_name", "material_type", "risk_level", "coarequired", "halalcert", "gmpstatus", "approved_status", "lastauditdate", "material_code", "column_11", "column_12", "column_13", "column_14", "column_15", "column_16", "column_17", "column_18", "column_19", "column_20", "column_21", "column_22", "column_23", "column_24", "column_25", "column_26", "column_27", "column_28", "column_29", "column_30", "column_31") VALUES ('SP0017', 'บริษัท เอส เอ โอ การเกษตร จำกัด', 'DM', 'LOW', 'No', 'N/A', 'N/A', 'Approved', '2025-05-10 00:00:00', 'PD0012', 'PD0013', 'PD0014', 'PD0015', 'PD0016', 'PD0030', NULL, NULL, NULL, NULL, NULL, NULL, NULL, NULL, NULL, NULL, NULL, NULL, NULL, NULL, NULL, NULL);
INSERT INTO "supplier_master" ("supplier_id", "supplier_name", "material_type", "risk_level", "coarequired", "halalcert", "gmpstatus", "approved_status", "lastauditdate", "material_code", "column_11", "column_12", "column_13", "column_14", "column_15", "column_16", "column_17", "column_18", "column_19", "column_20", "column_21", "column_22", "column_23", "column_24", "column_25", "column_26", "column_27", "column_28", "column_29", "column_30", "column_31") VALUES ('SP0018', 'บริษัท กุยลิ้มซึ้ง จำกัด', 'DM', 'LOW', 'Yes', 'Yes', 'Certified', 'Approved', '2025-09-12 00:00:00', 'PD0030', NULL, NULL, NULL, NULL, NULL, NULL, NULL, NULL, NULL, NULL, NULL, NULL, NULL, NULL, NULL, NULL, NULL, NULL, NULL, NULL, NULL);
INSERT INTO "supplier_master" ("supplier_id", "supplier_name", "material_type", "risk_level", "coarequired", "halalcert", "gmpstatus", "approved_status", "lastauditdate", "material_code", "column_11", "column_12", "column_13", "column_14", "column_15", "column_16", "column_17", "column_18", "column_19", "column_20", "column_21", "column_22", "column_23", "column_24", "column_25", "column_26", "column_27", "column_28", "column_29", "column_30", "column_31") VALUES ('SP0019', 'บริษัท ตะวันพืชผล จำกัด', 'DM', 'LOW', 'Yes', 'N/A', 'Certified', 'Approved', '2025-07-01 00:00:00', 'PD0032', NULL, NULL, NULL, NULL, NULL, NULL, NULL, NULL, NULL, NULL, NULL, NULL, NULL, NULL, NULL, NULL, NULL, NULL, NULL, NULL, NULL);
INSERT INTO "supplier_master" ("supplier_id", "supplier_name", "material_type", "risk_level", "coarequired", "halalcert", "gmpstatus", "approved_status", "lastauditdate", "material_code", "column_11", "column_12", "column_13", "column_14", "column_15", "column_16", "column_17", "column_18", "column_19", "column_20", "column_21", "column_22", "column_23", "column_24", "column_25", "column_26", "column_27", "column_28", "column_29", "column_30", "column_31") VALUES ('SP0020', 'บริษัท อาหารเบทเทอร์ จำกัด', 'DM', 'LOW', 'Yes', 'Yes', 'Certified', 'Approved', '2025-06-05 00:00:00', 'PD0008', NULL, NULL, NULL, NULL, NULL, NULL, NULL, NULL, NULL, NULL, NULL, NULL, NULL, NULL, NULL, NULL, NULL, NULL, NULL, NULL, NULL);
INSERT INTO "supplier_master" ("supplier_id", "supplier_name", "material_type", "risk_level", "coarequired", "halalcert", "gmpstatus", "approved_status", "lastauditdate", "material_code", "column_11", "column_12", "column_13", "column_14", "column_15", "column_16", "column_17", "column_18", "column_19", "column_20", "column_21", "column_22", "column_23", "column_24", "column_25", "column_26", "column_27", "column_28", "column_29", "column_30", "column_31") VALUES ('SP0021', 'หจก.เชียงใหม่เบเกอร์มาร์ท', 'DM', 'LOW', 'Yes', 'Yes', 'Certified', 'Approved', '2025-08-10 00:00:00', 'PD0020', 'PD0021', NULL, NULL, NULL, NULL, NULL, NULL, NULL, NULL, NULL, NULL, NULL, NULL, NULL, NULL, NULL, NULL, NULL, NULL, NULL, NULL);
INSERT INTO "supplier_master" ("supplier_id", "supplier_name", "material_type", "risk_level", "coarequired", "halalcert", "gmpstatus", "approved_status", "lastauditdate", "material_code", "column_11", "column_12", "column_13", "column_14", "column_15", "column_16", "column_17", "column_18", "column_19", "column_20", "column_21", "column_22", "column_23", "column_24", "column_25", "column_26", "column_27", "column_28", "column_29", "column_30", "column_31") VALUES ('SP0022', 'บริษัท อุทัยพลาสติก อุตสาหกรรม จำกัด', 'PM', 'LOW', 'Yes', 'Yes', 'Certified', 'Approved', '2025-06-15 00:00:00', 'PG0001', 'PG0002', 'PG0003', 'PG0004', 'PG0005', 'PG0006', 'PG0015', 'PG0016', 'PK0005', 'PK0006', 'PK0007', 'PK0009', 'PK0011', 'PK0012', 'PK0013', 'PK0014', 'PK0015', 'PK0016', 'PK0018', 'PK0026', 'PK0027', 'PK0028');
INSERT INTO "supplier_master" ("supplier_id", "supplier_name", "material_type", "risk_level", "coarequired", "halalcert", "gmpstatus", "approved_status", "lastauditdate", "material_code", "column_11", "column_12", "column_13", "column_14", "column_15", "column_16", "column_17", "column_18", "column_19", "column_20", "column_21", "column_22", "column_23", "column_24", "column_25", "column_26", "column_27", "column_28", "column_29", "column_30", "column_31") VALUES ('SP0023', 'บริษัท เจเนอรัล เรคคอร์ด อินเตอร์ จำกัด', 'PM', 'LOW', 'Yes', 'N/A', 'Certified', 'Approved', '2025-08-22 00:00:00', 'PK0001', 'PK0002', 'PK0038', 'PK0039', NULL, NULL, NULL, NULL, NULL, NULL, NULL, NULL, NULL, NULL, NULL, NULL, NULL, NULL, NULL, NULL, NULL, NULL);
INSERT INTO "supplier_master" ("supplier_id", "supplier_name", "material_type", "risk_level", "coarequired", "halalcert", "gmpstatus", "approved_status", "lastauditdate", "material_code", "column_11", "column_12", "column_13", "column_14", "column_15", "column_16", "column_17", "column_18", "column_19", "column_20", "column_21", "column_22", "column_23", "column_24", "column_25", "column_26", "column_27", "column_28", "column_29", "column_30", "column_31") VALUES ('SP0024', 'บริษัท บางกอก อินสทรูเมนท์ แอนด์เซอร์วิส จำกัด', 'PM', 'LOW', 'Yes', 'N/A', 'Certified', 'Approved', '2025-07-30 00:00:00', 'PK0010', NULL, NULL, NULL, NULL, NULL, NULL, NULL, NULL, NULL, NULL, NULL, NULL, NULL, NULL, NULL, NULL, NULL, NULL, NULL, NULL, NULL);
INSERT INTO "supplier_master" ("supplier_id", "supplier_name", "material_type", "risk_level", "coarequired", "halalcert", "gmpstatus", "approved_status", "lastauditdate", "material_code", "column_11", "column_12", "column_13", "column_14", "column_15", "column_16", "column_17", "column_18", "column_19", "column_20", "column_21", "column_22", "column_23", "column_24", "column_25", "column_26", "column_27", "column_28", "column_29", "column_30", "column_31") VALUES ('SP0025', 'บริษัท ศรีไม้ไผ่ทอง(2019) อุตสาหกรรม จำกัด', 'PM', 'LOW', 'No', 'N/A', 'N/A', 'Approved', '2025-05-20 00:00:00', 'PK0019', 'PK0020', 'PK0021', 'PK0022', 'PK0029', NULL, NULL, NULL, NULL, NULL, NULL, NULL, NULL, NULL, NULL, NULL, NULL, NULL, NULL, NULL, NULL, NULL);
INSERT INTO "supplier_master" ("supplier_id", "supplier_name", "material_type", "risk_level", "coarequired", "halalcert", "gmpstatus", "approved_status", "lastauditdate", "material_code", "column_11", "column_12", "column_13", "column_14", "column_15", "column_16", "column_17", "column_18", "column_19", "column_20", "column_21", "column_22", "column_23", "column_24", "column_25", "column_26", "column_27", "column_28", "column_29", "column_30", "column_31") VALUES ('SP0026', 'บริษัท ฟิวเจอร์ บิสซิเนส โซลูชั่น จำกัด', 'PM', 'LOW', 'Yes', 'N/A', 'Certified', 'Approved', '2025-08-05 00:00:00', 'PK0040', 'PK0041', 'PK0042', 'PK0043', 'PK0044', 'PK0045', NULL, NULL, NULL, NULL, NULL, NULL, NULL, NULL, NULL, NULL, NULL, NULL, NULL, NULL, NULL, NULL);
INSERT INTO "supplier_master" ("supplier_id", "supplier_name", "material_type", "risk_level", "coarequired", "halalcert", "gmpstatus", "approved_status", "lastauditdate", "material_code", "column_11", "column_12", "column_13", "column_14", "column_15", "column_16", "column_17", "column_18", "column_19", "column_20", "column_21", "column_22", "column_23", "column_24", "column_25", "column_26", "column_27", "column_28", "column_29", "column_30", "column_31") VALUES ('SP0027', 'ห้างหุ้นส่วนจำกัด วี-ริน เคมีคอล', 'CM', 'MEDIUM', 'Yes', 'N/A', 'Certified', 'Approved', '2025-07-15 00:00:00', 'CM0002', NULL, NULL, NULL, NULL, NULL, NULL, NULL, NULL, NULL, NULL, NULL, NULL, NULL, NULL, NULL, NULL, NULL, NULL, NULL, NULL, NULL);
INSERT INTO "supplier_master" ("supplier_id", "supplier_name", "material_type", "risk_level", "coarequired", "halalcert", "gmpstatus", "approved_status", "lastauditdate", "material_code", "column_11", "column_12", "column_13", "column_14", "column_15", "column_16", "column_17", "column_18", "column_19", "column_20", "column_21", "column_22", "column_23", "column_24", "column_25", "column_26", "column_27", "column_28", "column_29", "column_30", "column_31") VALUES ('SP0028', 'บริษัท เอ็นริช อินเตอร์เคมิคัล จำกัด', 'CM', 'MEDIUM', 'Yes', 'N/A', 'Certified', 'Approved', '2025-07-18 00:00:00', 'CM0003', NULL, NULL, NULL, NULL, NULL, NULL, NULL, NULL, NULL, NULL, NULL, NULL, NULL, NULL, NULL, NULL, NULL, NULL, NULL, NULL, NULL);
INSERT INTO "supplier_master" ("supplier_id", "supplier_name", "material_type", "risk_level", "coarequired", "halalcert", "gmpstatus", "approved_status", "lastauditdate", "material_code", "column_11", "column_12", "column_13", "column_14", "column_15", "column_16", "column_17", "column_18", "column_19", "column_20", "column_21", "column_22", "column_23", "column_24", "column_25", "column_26", "column_27", "column_28", "column_29", "column_30", "column_31") VALUES ('SP0029', 'บริษัท ฟลุสสิค เคม จำกัด', 'CM', 'MEDIUM', 'Yes', 'N/A', 'Certified', 'Approved', '2025-07-22 00:00:00', 'CM0006', NULL, NULL, NULL, NULL, NULL, NULL, NULL, NULL, NULL, NULL, NULL, NULL, NULL, NULL, NULL, NULL, NULL, NULL, NULL, NULL, NULL);
INSERT INTO "supplier_master" ("supplier_id", "supplier_name", "material_type", "risk_level", "coarequired", "halalcert", "gmpstatus", "approved_status", "lastauditdate", "material_code", "column_11", "column_12", "column_13", "column_14", "column_15", "column_16", "column_17", "column_18", "column_19", "column_20", "column_21", "column_22", "column_23", "column_24", "column_25", "column_26", "column_27", "column_28", "column_29", "column_30", "column_31") VALUES ('SP0030', 'บริษัท เบทเทอร์ ฟาร์มา จำกัด', 'CM', 'MEDIUM', 'Yes', 'N/A', 'Certified', 'Approved', '2025-07-28 00:00:00', 'CM0007', NULL, NULL, NULL, NULL, NULL, NULL, NULL, NULL, NULL, NULL, NULL, NULL, NULL, NULL, NULL, NULL, NULL, NULL, NULL, NULL, NULL);
INSERT INTO "supplier_master" ("supplier_id", "supplier_name", "material_type", "risk_level", "coarequired", "halalcert", "gmpstatus", "approved_status", "lastauditdate", "material_code", "column_11", "column_12", "column_13", "column_14", "column_15", "column_16", "column_17", "column_18", "column_19", "column_20", "column_21", "column_22", "column_23", "column_24", "column_25", "column_26", "column_27", "column_28", "column_29", "column_30", "column_31") VALUES ('SP0031', 'บริษัท ออฟฟิศเมท (ไทย) จำกัด', 'CM', 'MEDIUM', 'Yes', 'N/A', 'Certified', 'Approved', NULL, 'CM0001', 'CM0004', NULL, NULL, NULL, NULL, NULL, NULL, NULL, NULL, NULL, NULL, NULL, NULL, NULL, NULL, NULL, NULL, NULL, NULL, NULL, NULL);
INSERT INTO "supplier_master" ("supplier_id", "supplier_name", "material_type", "risk_level", "coarequired", "halalcert", "gmpstatus", "approved_status", "lastauditdate", "material_code", "column_11", "column_12", "column_13", "column_14", "column_15", "column_16", "column_17", "column_18", "column_19", "column_20", "column_21", "column_22", "column_23", "column_24", "column_25", "column_26", "column_27", "column_28", "column_29", "column_30", "column_31") VALUES ('SP0032', 'บริษัท ท้อป เมาท์เทน จำกัด', 'PM', 'LOW', 'No', 'N/A', 'N/A', 'Approved', NULL, 'PG0012', 'PG0013', 'PG0014', NULL, NULL, NULL, NULL, NULL, NULL, NULL, NULL, NULL, NULL, NULL, NULL, NULL, NULL, NULL, NULL, NULL, NULL, NULL);
INSERT INTO "supplier_master" ("supplier_id", "supplier_name", "material_type", "risk_level", "coarequired", "halalcert", "gmpstatus", "approved_status", "lastauditdate", "material_code", "column_11", "column_12", "column_13", "column_14", "column_15", "column_16", "column_17", "column_18", "column_19", "column_20", "column_21", "column_22", "column_23", "column_24", "column_25", "column_26", "column_27", "column_28", "column_29", "column_30", "column_31") VALUES ('SP0033', 'บริษัท ดวงเจริญ อินเตอร์เทรด จำกัด', 'RM', 'HIGH', NULL, NULL, NULL, 'Conditional', NULL, 'RM0001', 'RM0002', NULL, NULL, NULL, NULL, NULL, NULL, NULL, NULL, NULL, NULL, NULL, NULL, NULL, NULL, NULL, NULL, NULL, NULL, NULL, NULL);
INSERT INTO "supplier_master" ("supplier_id", "supplier_name", "material_type", "risk_level", "coarequired", "halalcert", "gmpstatus", "approved_status", "lastauditdate", "material_code", "column_11", "column_12", "column_13", "column_14", "column_15", "column_16", "column_17", "column_18", "column_19", "column_20", "column_21", "column_22", "column_23", "column_24", "column_25", "column_26", "column_27", "column_28", "column_29", "column_30", "column_31") VALUES ('SP0034', 'บริษัท อี เค ซลอเทอร์เฮาส์ จำกัด', 'RM', 'HIGH', NULL, NULL, NULL, 'Approved', NULL, NULL, NULL, NULL, NULL, NULL, NULL, NULL, NULL, NULL, NULL, NULL, NULL, NULL, NULL, NULL, NULL, NULL, NULL, NULL, NULL, NULL, NULL);

DROP TABLE IF EXISTS "material_master";
CREATE TABLE "material_master" (
    "id" INTEGER PRIMARY KEY AUTOINCREMENT,
    "material_code" TEXT,
    "material_name" TEXT,
    "material_type" TEXT,
    "category" TEXT,
    "unit" TEXT,
    "min_temp_c" INTEGER,
    "max_temp_c" INTEGER,
    "shelf_life_days" INTEGER,
    "risk_level" TEXT,
    "supplier_id" TEXT
);
INSERT INTO "material_master" ("material_code", "material_name", "material_type", "category", "unit", "min_temp_c", "max_temp_c", "shelf_life_days", "risk_level", "supplier_id") VALUES ('RM0001', 'สะโพกหมู', 'RM', 'Pork', 'กิโลกรัม', 0, 7, 6, 'High', 'SP0001');
INSERT INTO "material_master" ("material_code", "material_name", "material_type", "category", "unit", "min_temp_c", "max_temp_c", "shelf_life_days", "risk_level", "supplier_id") VALUES ('RM0002', 'มันสันแข็ง', 'RM', 'Pork', 'กิโลกรัม', 0, 7, 6, 'High', 'SP001');
INSERT INTO "material_master" ("material_code", "material_name", "material_type", "category", "unit", "min_temp_c", "max_temp_c", "shelf_life_days", "risk_level", "supplier_id") VALUES ('RM0004', 'เศษบีบีติดหนัง', 'RM', 'Chicken', 'กิโลกรัม', 0, 7, 5, 'High', 'SP005');
INSERT INTO "material_master" ("material_code", "material_name", "material_type", "category", "unit", "min_temp_c", "max_temp_c", "shelf_life_days", "risk_level", "supplier_id") VALUES ('RM0005', 'อกไก่', 'RM', 'Chicken', 'กิโลกรัม', 0, 7, 5, 'High', 'SP005');
INSERT INTO "material_master" ("material_code", "material_name", "material_type", "category", "unit", "min_temp_c", "max_temp_c", "shelf_life_days", "risk_level", "supplier_id") VALUES ('RM0006', 'ข้าวสารเหนียว', 'DM', 'Rice', 'กิโลกรัม', NULL, NULL, NULL, 'Medium', 'SP005');
INSERT INTO "material_master" ("material_code", "material_name", "material_type", "category", "unit", "min_temp_c", "max_temp_c", "shelf_life_days", "risk_level", "supplier_id") VALUES ('PD0001', 'ซอสหอยนางรมหมู', 'DM', 'Seasoning', 'กิโลกรัม', NULL, NULL, NULL, NULL, NULL);
INSERT INTO "material_master" ("material_code", "material_name", "material_type", "category", "unit", "min_temp_c", "max_temp_c", "shelf_life_days", "risk_level", "supplier_id") VALUES ('PD0002', 'ซอสหอยนางรมไก่', 'DM', 'Seasoning', 'กิโลกรัม', NULL, NULL, NULL, NULL, NULL);
INSERT INTO "material_master" ("material_code", "material_name", "material_type", "category", "unit", "min_temp_c", "max_temp_c", "shelf_life_days", "risk_level", "supplier_id") VALUES ('PD0003', 'ซอสปรุงรสฝาเขียว', 'DM', 'Seasoning', 'กิโลกรัม', NULL, NULL, NULL, NULL, NULL);
INSERT INTO "material_master" ("material_code", "material_name", "material_type", "category", "unit", "min_temp_c", "max_temp_c", "shelf_life_days", "risk_level", "supplier_id") VALUES ('PD0004', 'ซีอิ้วขาว  สูตร 1', 'DM', 'Seasoning', 'กิโลกรัม', NULL, NULL, NULL, NULL, NULL);
INSERT INTO "material_master" ("material_code", "material_name", "material_type", "category", "unit", "min_temp_c", "max_temp_c", "shelf_life_days", "risk_level", "supplier_id") VALUES ('PD0005', 'ซีอิ้วดำฉลากส้ม', 'DM', 'Ingredient', 'กิโลกรัม', NULL, NULL, NULL, NULL, NULL);
INSERT INTO "material_master" ("material_code", "material_name", "material_type", "category", "unit", "min_temp_c", "max_temp_c", "shelf_life_days", "risk_level", "supplier_id") VALUES ('PD0006', 'ซีอิ้วขาวเห็ดหอม', 'DM', 'Seasoning', 'กิโลกรัม', NULL, NULL, NULL, NULL, NULL);
INSERT INTO "material_master" ("material_code", "material_name", "material_type", "category", "unit", "min_temp_c", "max_temp_c", "shelf_life_days", "risk_level", "supplier_id") VALUES ('PD0007', 'ผงปรุงรส', 'DM', 'Seasoning', 'กิโลกรัม', NULL, NULL, NULL, NULL, NULL);
INSERT INTO "material_master" ("material_code", "material_name", "material_type", "category", "unit", "min_temp_c", "max_temp_c", "shelf_life_days", "risk_level", "supplier_id") VALUES ('PD0008', 'ผงชูรส', 'DM', 'Seasoning', 'กิโลกรัม', NULL, NULL, NULL, NULL, NULL);
INSERT INTO "material_master" ("material_code", "material_name", "material_type", "category", "unit", "min_temp_c", "max_temp_c", "shelf_life_days", "risk_level", "supplier_id") VALUES ('PD0009', 'แป้งท้าว', 'DM', 'Seasoning', 'กิโลกรัม', NULL, NULL, NULL, NULL, NULL);
INSERT INTO "material_master" ("material_code", "material_name", "material_type", "category", "unit", "min_temp_c", "max_temp_c", "shelf_life_days", "risk_level", "supplier_id") VALUES ('PD0010', 'เกลือ', 'DM', 'Ingredient', 'กิโลกรัม', NULL, NULL, NULL, NULL, NULL);
INSERT INTO "material_master" ("material_code", "material_name", "material_type", "category", "unit", "min_temp_c", "max_temp_c", "shelf_life_days", "risk_level", "supplier_id") VALUES ('PD0011', 'กระเทียม', 'DM', 'Seasoning', 'กิโลกรัม', NULL, NULL, NULL, NULL, NULL);
INSERT INTO "material_master" ("material_code", "material_name", "material_type", "category", "unit", "min_temp_c", "max_temp_c", "shelf_life_days", "risk_level", "supplier_id") VALUES ('PD0012', 'พริกไทยดำ', 'DM', 'Seasoning', 'กิโลกรัม', NULL, NULL, NULL, NULL, NULL);
INSERT INTO "material_master" ("material_code", "material_name", "material_type", "category", "unit", "min_temp_c", "max_temp_c", "shelf_life_days", "risk_level", "supplier_id") VALUES ('PD0013', 'พริกไทยขาว', 'DM', 'Seasoning', 'กิโลกรัม', NULL, NULL, NULL, NULL, NULL);
INSERT INTO "material_master" ("material_code", "material_name", "material_type", "category", "unit", "min_temp_c", "max_temp_c", "shelf_life_days", "risk_level", "supplier_id") VALUES ('PD0014', 'เมล็ดผักชี', 'DM', 'Seasoning', 'กิโลกรัม', NULL, NULL, NULL, NULL, NULL);
INSERT INTO "material_master" ("material_code", "material_name", "material_type", "category", "unit", "min_temp_c", "max_temp_c", "shelf_life_days", "risk_level", "supplier_id") VALUES ('PD0015', 'ผงขมิ้น', 'DM', 'Seasoning', 'กิโลกรัม', NULL, NULL, NULL, NULL, NULL);
INSERT INTO "material_master" ("material_code", "material_name", "material_type", "category", "unit", "min_temp_c", "max_temp_c", "shelf_life_days", "risk_level", "supplier_id") VALUES ('PD0016', 'ผงกระเทียม', 'DM', 'Seasoning', 'กรัม', NULL, NULL, NULL, NULL, NULL);
INSERT INTO "material_master" ("material_code", "material_name", "material_type", "category", "unit", "min_temp_c", "max_temp_c", "shelf_life_days", "risk_level", "supplier_id") VALUES ('PD0017', 'น้ำตาลมะพร้าวหมู', 'DM', 'Ingredient', 'กิโลกรัม', NULL, NULL, NULL, NULL, NULL);
INSERT INTO "material_master" ("material_code", "material_name", "material_type", "category", "unit", "min_temp_c", "max_temp_c", "shelf_life_days", "risk_level", "supplier_id") VALUES ('PD0018', 'น้ำตาลมะพร้าวไก่', 'DM', 'Ingredient', 'กิโลกรัม', NULL, NULL, NULL, NULL, NULL);
INSERT INTO "material_master" ("material_code", "material_name", "material_type", "category", "unit", "min_temp_c", "max_temp_c", "shelf_life_days", "risk_level", "supplier_id") VALUES ('PD0019', 'นมจืด', 'DM', 'Ingredient', 'กระป๋อง', NULL, NULL, NULL, NULL, NULL);
INSERT INTO "material_master" ("material_code", "material_name", "material_type", "category", "unit", "min_temp_c", "max_temp_c", "shelf_life_days", "risk_level", "supplier_id") VALUES ('PD0020', 'สีส้มแดง', 'DM', 'Additive', 'กรัม', NULL, NULL, NULL, NULL, NULL);
INSERT INTO "material_master" ("material_code", "material_name", "material_type", "category", "unit", "min_temp_c", "max_temp_c", "shelf_life_days", "risk_level", "supplier_id") VALUES ('PD0021', 'สีเหลืองไข่', 'DM', 'Additive', 'กรัม', NULL, NULL, NULL, NULL, NULL);
INSERT INTO "material_master" ("material_code", "material_name", "material_type", "category", "unit", "min_temp_c", "max_temp_c", "shelf_life_days", "risk_level", "supplier_id") VALUES ('PD0022', 'โซดา', 'DM', 'Additive', 'ขวด', NULL, NULL, NULL, NULL, NULL);
INSERT INTO "material_master" ("material_code", "material_name", "material_type", "category", "unit", "min_temp_c", "max_temp_c", "shelf_life_days", "risk_level", "supplier_id") VALUES ('PD0023', 'ฟอสเฟต', 'DM', 'Additive', 'กรัม', NULL, NULL, NULL, NULL, NULL);
INSERT INTO "material_master" ("material_code", "material_name", "material_type", "category", "unit", "min_temp_c", "max_temp_c", "shelf_life_days", "risk_level", "supplier_id") VALUES ('PD0024', 'แป้งมัน', 'DM', 'Ingredient', 'กิโลกรัม', NULL, NULL, NULL, NULL, NULL);
INSERT INTO "material_master" ("material_code", "material_name", "material_type", "category", "unit", "min_temp_c", "max_temp_c", "shelf_life_days", "risk_level", "supplier_id") VALUES ('PD0025', 'วุ้นเส้น', 'DM', 'Ingredient', 'กรัม', NULL, NULL, NULL, NULL, NULL);
INSERT INTO "material_master" ("material_code", "material_name", "material_type", "category", "unit", "min_temp_c", "max_temp_c", "shelf_life_days", "risk_level", "supplier_id") VALUES ('PD0026', 'ข้าวเจ้า', 'DM', 'Ingredient', 'กิโลกรัม', NULL, NULL, NULL, NULL, NULL);
INSERT INTO "material_master" ("material_code", "material_name", "material_type", "category", "unit", "min_temp_c", "max_temp_c", "shelf_life_days", "risk_level", "supplier_id") VALUES ('PD0027', 'ซอสบาร์บีคิว', 'DM', 'Seasoning', 'กิโลกรัม', NULL, NULL, NULL, NULL, NULL);
INSERT INTO "material_master" ("material_code", "material_name", "material_type", "category", "unit", "min_temp_c", "max_temp_c", "shelf_life_days", "risk_level", "supplier_id") VALUES ('PD0028', 'ซอสพริก', 'DM', 'Seasoning', 'กิโลกรัม', NULL, NULL, NULL, NULL, NULL);
INSERT INTO "material_master" ("material_code", "material_name", "material_type", "category", "unit", "min_temp_c", "max_temp_c", "shelf_life_days", "risk_level", "supplier_id") VALUES ('PD0029', 'เบคกิ้งโซดา', 'DM', 'Additive', 'กิโลกรัม', NULL, NULL, NULL, NULL, NULL);
INSERT INTO "material_master" ("material_code", "material_name", "material_type", "category", "unit", "min_temp_c", "max_temp_c", "shelf_life_days", "risk_level", "supplier_id") VALUES ('PD0030', 'ผงสามเกลอ', 'DM', 'Seasoning', 'กิโลกรัม', NULL, NULL, NULL, NULL, NULL);
INSERT INTO "material_master" ("material_code", "material_name", "material_type", "category", "unit", "min_temp_c", "max_temp_c", "shelf_life_days", "risk_level", "supplier_id") VALUES ('PD0031', 'พริกขี้หนูป่น', 'DM', 'Seasoning', 'กิโลกรัม', NULL, NULL, NULL, NULL, NULL);
INSERT INTO "material_master" ("material_code", "material_name", "material_type", "category", "unit", "min_temp_c", "max_temp_c", "shelf_life_days", "risk_level", "supplier_id") VALUES ('PD0032', 'ผงพริกหม่าล่า', 'DM', 'Seasoning', 'กิโลกรัม', NULL, NULL, NULL, NULL, NULL);
INSERT INTO "material_master" ("material_code", "material_name", "material_type", "category", "unit", "min_temp_c", "max_temp_c", "shelf_life_days", "risk_level", "supplier_id") VALUES ('PD0033', 'ผงกะหรี่', 'DM', 'Seasoning', 'กิโลกรัม', NULL, NULL, NULL, NULL, NULL);
INSERT INTO "material_master" ("material_code", "material_name", "material_type", "category", "unit", "min_temp_c", "max_temp_c", "shelf_life_days", "risk_level", "supplier_id") VALUES ('PD0034', 'น้ำมันงา', 'DM', 'Seasoning', 'ลิตร', NULL, NULL, NULL, NULL, NULL);
INSERT INTO "material_master" ("material_code", "material_name", "material_type", "category", "unit", "min_temp_c", "max_temp_c", "shelf_life_days", "risk_level", "supplier_id") VALUES ('PD0035', 'น้ำปลา', 'DM', 'Seasoning', 'ลิตร', NULL, NULL, NULL, NULL, NULL);
INSERT INTO "material_master" ("material_code", "material_name", "material_type", "category", "unit", "min_temp_c", "max_temp_c", "shelf_life_days", "risk_level", "supplier_id") VALUES ('PD0036', 'ซอสโชยุ', 'DM', 'Seasoning', 'กรัม', NULL, NULL, NULL, NULL, NULL);
INSERT INTO "material_master" ("material_code", "material_name", "material_type", "category", "unit", "min_temp_c", "max_temp_c", "shelf_life_days", "risk_level", "supplier_id") VALUES ('PD0037', 'ซอสเทอริยากิ', 'DM', 'Seasoning', 'กรัม', NULL, NULL, NULL, NULL, NULL);
INSERT INTO "material_master" ("material_code", "material_name", "material_type", "category", "unit", "min_temp_c", "max_temp_c", "shelf_life_days", "risk_level", "supplier_id") VALUES ('PD0038', 'งาขาว', 'DM', 'Seasoning', 'กรัม', NULL, NULL, NULL, NULL, NULL);
INSERT INTO "material_master" ("material_code", "material_name", "material_type", "category", "unit", "min_temp_c", "max_temp_c", "shelf_life_days", "risk_level", "supplier_id") VALUES ('PG0001', 'ถุงหูหิ้ว9*18', 'PM', 'Packaging', 'กิโลกรัม', NULL, NULL, NULL, NULL, NULL);
INSERT INTO "material_master" ("material_code", "material_name", "material_type", "category", "unit", "min_temp_c", "max_temp_c", "shelf_life_days", "risk_level", "supplier_id") VALUES ('PG0002', 'ถุงหูหิ้ว12*20', 'PM', 'Packaging', 'กิโลกรัม', NULL, NULL, NULL, NULL, NULL);
INSERT INTO "material_master" ("material_code", "material_name", "material_type", "category", "unit", "min_temp_c", "max_temp_c", "shelf_life_days", "risk_level", "supplier_id") VALUES ('PG0003', 'ถุงหูหิ้ว12*18', 'PM', 'Packaging', 'กิโลกรัม', NULL, NULL, NULL, NULL, NULL);
INSERT INTO "material_master" ("material_code", "material_name", "material_type", "category", "unit", "min_temp_c", "max_temp_c", "shelf_life_days", "risk_level", "supplier_id") VALUES ('PG0004', 'ถุงใส6*9', 'PM', 'Packaging', 'กิโลกรัม', NULL, NULL, NULL, NULL, NULL);
INSERT INTO "material_master" ("material_code", "material_name", "material_type", "category", "unit", "min_temp_c", "max_temp_c", "shelf_life_days", "risk_level", "supplier_id") VALUES ('PG0005', 'ถุงขยะดำ 24*28*20mm', 'PM', 'Plastic Bag', 'กิโลกรัม', NULL, NULL, NULL, NULL, NULL);
INSERT INTO "material_master" ("material_code", "material_name", "material_type", "category", "unit", "min_temp_c", "max_temp_c", "shelf_life_days", "risk_level", "supplier_id") VALUES ('PG0006', 'ถุงขยะสีชา', 'PM', 'Plastic Bag', 'กิโลกรัม', NULL, NULL, NULL, NULL, NULL);
INSERT INTO "material_master" ("material_code", "material_name", "material_type", "category", "unit", "min_temp_c", "max_temp_c", "shelf_life_days", "risk_level", "supplier_id") VALUES ('PG0009', 'รองเท้าบูทยางสีขาว เบอร์ 11', 'PM', 'Boots', 'คู่', NULL, NULL, NULL, NULL, NULL);
INSERT INTO "material_master" ("material_code", "material_name", "material_type", "category", "unit", "min_temp_c", "max_temp_c", "shelf_life_days", "risk_level", "supplier_id") VALUES ('PG0010', 'รองเท้าบูทสีขาว เบอร์12', 'PM', 'Boots', 'คู่', NULL, NULL, NULL, NULL, NULL);
INSERT INTO "material_master" ("material_code", "material_name", "material_type", "category", "unit", "min_temp_c", "max_temp_c", "shelf_life_days", "risk_level", "supplier_id") VALUES ('PG0011', 'เอี๋ยมน้ำเงิน', 'PM', 'Aprons', 'ผืน', NULL, NULL, NULL, NULL, NULL);
INSERT INTO "material_master" ("material_code", "material_name", "material_type", "category", "unit", "min_temp_c", "max_temp_c", "shelf_life_days", "risk_level", "supplier_id") VALUES ('PG0012', 'ถุงมือยางสีน้ำเงิน/S', 'PM', 'Gloves', 'กล่อง', NULL, NULL, NULL, NULL, NULL);
INSERT INTO "material_master" ("material_code", "material_name", "material_type", "category", "unit", "min_temp_c", "max_temp_c", "shelf_life_days", "risk_level", "supplier_id") VALUES ('PG0013', 'ถุงมือยางสีน้ำเงิน/M', 'PM', 'Gloves', 'กล่อง', NULL, NULL, NULL, NULL, NULL);
INSERT INTO "material_master" ("material_code", "material_name", "material_type", "category", "unit", "min_temp_c", "max_temp_c", "shelf_life_days", "risk_level", "supplier_id") VALUES ('PG0014', 'ถุงมือยางสีน้ำเงิน/L', 'PM', 'Gloves', 'กล่อง', NULL, NULL, NULL, NULL, NULL);
INSERT INTO "material_master" ("material_code", "material_name", "material_type", "category", "unit", "min_temp_c", "max_temp_c", "shelf_life_days", "risk_level", "supplier_id") VALUES ('PG0015', 'ถุงHD A11"x17" หนา 0.12 มม./คู่', 'PM', 'Packaging', 'กิโลกรัม', NULL, NULL, NULL, NULL, NULL);
INSERT INTO "material_master" ("material_code", "material_name", "material_type", "category", "unit", "min_temp_c", "max_temp_c", "shelf_life_days", "risk_level", "supplier_id") VALUES ('PG0016', 'ถุง HD  A14"x25" หนา 0.12 มม./คู่ (สีขาว)', 'PM', 'Packaging', 'กิโลกรัม', NULL, NULL, NULL, NULL, NULL);
INSERT INTO "material_master" ("material_code", "material_name", "material_type", "category", "unit", "min_temp_c", "max_temp_c", "shelf_life_days", "risk_level", "supplier_id") VALUES ('PG0018', 'ถุง HD  A14"x25" หนา 0.12 มม./คู่ (สีฟ้า)', 'PM', 'Packaging', 'กิโลกรัม', NULL, NULL, NULL, NULL, NULL);
INSERT INTO "material_master" ("material_code", "material_name", "material_type", "category", "unit", "min_temp_c", "max_temp_c", "shelf_life_days", "risk_level", "supplier_id") VALUES ('PK0001', 'กล่องลูกฟูก5ชั้น ขนาด287*385*305', 'PM', 'Packaging', 'ใบ', NULL, NULL, NULL, NULL, NULL);
INSERT INTO "material_master" ("material_code", "material_name", "material_type", "category", "unit", "min_temp_c", "max_temp_c", "shelf_life_days", "risk_level", "supplier_id") VALUES ('PK0002', 'กล่องลูกฟูก5ชั้น ขนาด23*40*21.2', 'PM', 'Packaging', 'ใบ', NULL, NULL, NULL, NULL, NULL);
INSERT INTO "material_master" ("material_code", "material_name", "material_type", "category", "unit", "min_temp_c", "max_temp_c", "shelf_life_days", "risk_level", "supplier_id") VALUES ('PK0003', 'กล่องโฟม 25', 'PM', 'Packaging', 'ใบ', NULL, NULL, NULL, NULL, NULL);
INSERT INTO "material_master" ("material_code", "material_name", "material_type", "category", "unit", "min_temp_c", "max_temp_c", "shelf_life_days", "risk_level", "supplier_id") VALUES ('PK0004', 'กล่องโฟม 3 กก', 'PM', 'Packaging', 'ใบ', NULL, NULL, NULL, NULL, NULL);
INSERT INTO "material_master" ("material_code", "material_name", "material_type", "category", "unit", "min_temp_c", "max_temp_c", "shelf_life_days", "risk_level", "supplier_id") VALUES ('PK0005', 'ถุงHD A19*12(แผ่นแพ็ค)', 'PM', 'Packaging', 'กิโลกรัม', NULL, NULL, NULL, NULL, NULL);
INSERT INTO "material_master" ("material_code", "material_name", "material_type", "category", "unit", "min_temp_c", "max_temp_c", "shelf_life_days", "risk_level", "supplier_id") VALUES ('PK0006', 'ถุงHD/A10*16หนา0.08มม.คู่ไม่พิมพ์โลโก้', 'PM', 'Packaging', 'กิโลกรัม', NULL, NULL, NULL, NULL, NULL);
INSERT INTO "material_master" ("material_code", "material_name", "material_type", "category", "unit", "min_temp_c", "max_temp_c", "shelf_life_days", "risk_level", "supplier_id") VALUES ('PK0007', 'ถุงHD A10*16หนา พิมพ์โลโก้', 'PM', 'Packaging', 'กิโลกรัม', NULL, NULL, NULL, NULL, NULL);
INSERT INTO "material_master" ("material_code", "material_name", "material_type", "category", "unit", "min_temp_c", "max_temp_c", "shelf_life_days", "risk_level", "supplier_id") VALUES ('PK0008', 'ถุงNYLON+LL 220mm*300mm ซีล 3ด้าน', 'PM', 'Packaging', 'ใบ', NULL, NULL, NULL, NULL, NULL);
INSERT INTO "material_master" ("material_code", "material_name", "material_type", "category", "unit", "min_temp_c", "max_temp_c", "shelf_life_days", "risk_level", "supplier_id") VALUES ('PK0009', 'ถุงHD 11*17 พิมพ์โลโก้หมูนมสด size s', 'PM', 'Packaging', 'กิโลกรัม', NULL, NULL, NULL, NULL, NULL);
INSERT INTO "material_master" ("material_code", "material_name", "material_type", "category", "unit", "min_temp_c", "max_temp_c", "shelf_life_days", "risk_level", "supplier_id") VALUES ('PK0010', 'เทปใส', 'PM', 'Tape', 'ม้วน', NULL, NULL, NULL, NULL, NULL);
INSERT INTO "material_master" ("material_code", "material_name", "material_type", "category", "unit", "min_temp_c", "max_temp_c", "shelf_life_days", "risk_level", "supplier_id") VALUES ('PK0011', 'แผ่นรองชั้น HD A7*10หนา0.08มม', 'PM', 'Packaging', 'กิโลกรัม', NULL, NULL, NULL, NULL, NULL);
INSERT INTO "material_master" ("material_code", "material_name", "material_type", "category", "unit", "min_temp_c", "max_temp_c", "shelf_life_days", "risk_level", "supplier_id") VALUES ('PK0012', 'แผ่นแพ็คHD A18*23หนา0.08มม', 'PM', 'Packaging', 'กิโลกรัม', NULL, NULL, NULL, NULL, NULL);
INSERT INTO "material_master" ("material_code", "material_name", "material_type", "category", "unit", "min_temp_c", "max_temp_c", "shelf_life_days", "risk_level", "supplier_id") VALUES ('PK0013', 'แผ่นHD Aสีเหลือง18*23หนา0.08มม', 'PM', 'Packaging', 'กิโลกรัม', NULL, NULL, NULL, NULL, NULL);
INSERT INTO "material_master" ("material_code", "material_name", "material_type", "category", "unit", "min_temp_c", "max_temp_c", "shelf_life_days", "risk_level", "supplier_id") VALUES ('PK0014', 'แผ่นHD Aสีเขียว18*23หนา0.08มม', 'PM', 'Packaging', 'กิโลกรัม', NULL, NULL, NULL, NULL, NULL);
INSERT INTO "material_master" ("material_code", "material_name", "material_type", "category", "unit", "min_temp_c", "max_temp_c", "shelf_life_days", "risk_level", "supplier_id") VALUES ('PK0015', 'แผ่นHD Aชมพู18*23หนา0.08มม', 'PM', 'Packaging', 'กิโลกรัม', NULL, NULL, NULL, NULL, NULL);
INSERT INTO "material_master" ("material_code", "material_name", "material_type", "category", "unit", "min_temp_c", "max_temp_c", "shelf_life_days", "risk_level", "supplier_id") VALUES ('PK0016', 'แผ่นHD Aสีส้ม18*23หนา0.08มม', 'PM', 'Packaging', 'กิโลกรัม', NULL, NULL, NULL, NULL, NULL);
INSERT INTO "material_master" ("material_code", "material_name", "material_type", "category", "unit", "min_temp_c", "max_temp_c", "shelf_life_days", "risk_level", "supplier_id") VALUES ('PK0017', 'แผ่นห่อHD A8*10หนา0.08มม', 'PM', 'Packaging', 'กิโลกรัม', NULL, NULL, NULL, NULL, NULL);
INSERT INTO "material_master" ("material_code", "material_name", "material_type", "category", "unit", "min_temp_c", "max_temp_c", "shelf_life_days", "risk_level", "supplier_id") VALUES ('PK0018', 'แผ่นห่อDH A4*6หนา0.08มม', 'PM', 'Packaging', 'กิโลกรัม', NULL, NULL, NULL, NULL, NULL);
INSERT INTO "material_master" ("material_code", "material_name", "material_type", "category", "unit", "min_temp_c", "max_temp_c", "shelf_life_days", "risk_level", "supplier_id") VALUES ('PK0019', 'ไม้กลม3*5', 'PM', 'Skewer', 'กิโลกรัม', NULL, NULL, NULL, NULL, NULL);
INSERT INTO "material_master" ("material_code", "material_name", "material_type", "category", "unit", "min_temp_c", "max_temp_c", "shelf_life_days", "risk_level", "supplier_id") VALUES ('PK0020', 'ไม้กลม3*6', 'PM', 'Skewer', 'กิโลกรัม', NULL, NULL, NULL, NULL, NULL);
INSERT INTO "material_master" ("material_code", "material_name", "material_type", "category", "unit", "min_temp_c", "max_temp_c", "shelf_life_days", "risk_level", "supplier_id") VALUES ('PK0021', 'ไม้กลม3*7', 'PM', 'Skewer', 'กิโลกรัม', NULL, NULL, NULL, NULL, NULL);
INSERT INTO "material_master" ("material_code", "material_name", "material_type", "category", "unit", "min_temp_c", "max_temp_c", "shelf_life_days", "risk_level", "supplier_id") VALUES ('PK0022', 'ไม้ชายธงเบอร์6', 'PM', 'Skewer', 'ถุง', NULL, NULL, NULL, NULL, NULL);
INSERT INTO "material_master" ("material_code", "material_name", "material_type", "category", "unit", "min_temp_c", "max_temp_c", "shelf_life_days", "risk_level", "supplier_id") VALUES ('PK0023', 'สติ๊กเกอร์ติดข้างกล่อง MK', 'PM', 'Sticker', 'ดวง', NULL, NULL, NULL, NULL, NULL);
INSERT INTO "material_master" ("material_code", "material_name", "material_type", "category", "unit", "min_temp_c", "max_temp_c", "shelf_life_days", "risk_level", "supplier_id") VALUES ('PK0024', 'สติ๊กเกอร์ติดแพ็คเก็จจิ้ง MK', 'PM', 'Sticker', 'ดวง', NULL, NULL, NULL, NULL, NULL);
INSERT INTO "material_master" ("material_code", "material_name", "material_type", "category", "unit", "min_temp_c", "max_temp_c", "shelf_life_days", "risk_level", "supplier_id") VALUES ('PK0025', 'สติ๊กเกอร์ (ข้าว)', 'PM', 'Sticker', 'ดวง', NULL, NULL, NULL, NULL, NULL);
INSERT INTO "material_master" ("material_code", "material_name", "material_type", "category", "unit", "min_temp_c", "max_temp_c", "shelf_life_days", "risk_level", "supplier_id") VALUES ('PK0026', 'ถุงHD A10*16  พิมพ์ไก่พริกไทยดำ', 'PM', 'Packaging', 'กิโลกรัม', NULL, NULL, NULL, NULL, NULL);
INSERT INTO "material_master" ("material_code", "material_name", "material_type", "category", "unit", "min_temp_c", "max_temp_c", "shelf_life_days", "risk_level", "supplier_id") VALUES ('PK0027', 'ถุงHD A10*16  พิมพ์ไก่แดง', 'PM', 'Packaging', 'กิโลกรัม', NULL, NULL, NULL, NULL, NULL);
INSERT INTO "material_master" ("material_code", "material_name", "material_type", "category", "unit", "min_temp_c", "max_temp_c", "shelf_life_days", "risk_level", "supplier_id") VALUES ('PK0028', 'ถุงHD A10*16  พิมพ์ไก่นมสด', 'PM', 'Packaging', 'กิโลกรัม', NULL, NULL, NULL, NULL, NULL);
INSERT INTO "material_master" ("material_code", "material_name", "material_type", "category", "unit", "min_temp_c", "max_temp_c", "shelf_life_days", "risk_level", "supplier_id") VALUES ('PK0029', 'ไม้กลม2.5*6', 'PM', 'Skewer', 'กิโลกรัม', NULL, NULL, NULL, NULL, NULL);
INSERT INTO "material_master" ("material_code", "material_name", "material_type", "category", "unit", "min_temp_c", "max_temp_c", "shelf_life_days", "risk_level", "supplier_id") VALUES ('PK0030', 'ถุงNYLON+LL 300*400mm.*80cm ซีล 3 ด้าน', 'PM', 'Packaging', 'ใบ', NULL, NULL, NULL, NULL, NULL);
INSERT INTO "material_master" ("material_code", "material_name", "material_type", "category", "unit", "min_temp_c", "max_temp_c", "shelf_life_days", "risk_level", "supplier_id") VALUES ('PK0031', 'สติ๊กเกอร์ติดข้างกล่อง หมูนมสด-GHS', 'PM', 'Sticker', 'ดวง', NULL, NULL, NULL, NULL, NULL);
INSERT INTO "material_master" ("material_code", "material_name", "material_type", "category", "unit", "min_temp_c", "max_temp_c", "shelf_life_days", "risk_level", "supplier_id") VALUES ('PK0032', 'สติ๊กเกอร์ติดแพคเกจจิ้ง หมูนมสด-GHS', 'PM', 'Sticker', 'ดวง', NULL, NULL, NULL, NULL, NULL);
INSERT INTO "material_master" ("material_code", "material_name", "material_type", "category", "unit", "min_temp_c", "max_temp_c", "shelf_life_days", "risk_level", "supplier_id") VALUES ('PK0033', 'สติ๊กเกอร์ติดข้างกล่อง BBQ', 'PM', 'Sticker', 'ดวง', NULL, NULL, NULL, NULL, NULL);
INSERT INTO "material_master" ("material_code", "material_name", "material_type", "category", "unit", "min_temp_c", "max_temp_c", "shelf_life_days", "risk_level", "supplier_id") VALUES ('PK0034', 'สติ๊กเกอร์ติดแพคเกจจิ้ง BBQ', 'PM', 'Sticker', 'ดวง', NULL, NULL, NULL, NULL, NULL);
INSERT INTO "material_master" ("material_code", "material_name", "material_type", "category", "unit", "min_temp_c", "max_temp_c", "shelf_life_days", "risk_level", "supplier_id") VALUES ('PK0036', 'ถุงNYLON+LL 220*240mm.*80mi ซีล 3 ด้าน', 'PM', 'Packaging', 'ใบ', NULL, NULL, NULL, NULL, NULL);
INSERT INTO "material_master" ("material_code", "material_name", "material_type", "category", "unit", "min_temp_c", "max_temp_c", "shelf_life_days", "risk_level", "supplier_id") VALUES ('PK0037', 'ถุงNYLON+LL 205*305mm.*80mi ซีล 3 ด้าน', 'PM', 'Packaging', 'ใบ', NULL, NULL, NULL, NULL, NULL);
INSERT INTO "material_master" ("material_code", "material_name", "material_type", "category", "unit", "min_temp_c", "max_temp_c", "shelf_life_days", "risk_level", "supplier_id") VALUES ('PK0038', 'กล่องลูกฟูก5ชั้น ขนาด230*400*170', 'PM', 'Packaging', 'ใบ', NULL, NULL, NULL, NULL, NULL);
INSERT INTO "material_master" ("material_code", "material_name", "material_type", "category", "unit", "min_temp_c", "max_temp_c", "shelf_life_days", "risk_level", "supplier_id") VALUES ('PK0040', 'สติ๊กเกอร์ข้างกล่อง หมูปิ้งหมักสูตรโบราณ aro', 'PM', 'Sticker', 'ดวง', NULL, NULL, NULL, NULL, NULL);
INSERT INTO "material_master" ("material_code", "material_name", "material_type", "category", "unit", "min_temp_c", "max_temp_c", "shelf_life_days", "risk_level", "supplier_id") VALUES ('PK0041', 'สติ๊กเกอร์ข้างกล่อง หมูสะเต๊ะพร้อมปรุงเสียบไม้ aro', 'PM', 'Sticker', 'ดวง', NULL, NULL, NULL, NULL, NULL);
INSERT INTO "material_master" ("material_code", "material_name", "material_type", "category", "unit", "min_temp_c", "max_temp_c", "shelf_life_days", "risk_level", "supplier_id") VALUES ('PK0042', 'สติ๊กเกอร์ข้างกล่อง หมูปิ้งนมสดสูตรเข้มข้น aro', 'PM', 'Sticker', 'ดวง', NULL, NULL, NULL, NULL, NULL);
INSERT INTO "material_master" ("material_code", "material_name", "material_type", "category", "unit", "min_temp_c", "max_temp_c", "shelf_life_days", "risk_level", "supplier_id") VALUES ('PK0043', 'สติ๊กเกอร์แพคเกจจิ้ง หมูปิ้งหมักสูตรโบราณ aro', 'PM', 'Sticker', 'ดวง', NULL, NULL, NULL, NULL, NULL);
INSERT INTO "material_master" ("material_code", "material_name", "material_type", "category", "unit", "min_temp_c", "max_temp_c", "shelf_life_days", "risk_level", "supplier_id") VALUES ('PK0044', 'สติ๊กเกอร์แพคเกจจิ้ง หมูสะเต๊ะพร้อมปรุงเสียบไม้ aro', 'PM', 'Sticker', 'ดวง', NULL, NULL, NULL, NULL, NULL);
INSERT INTO "material_master" ("material_code", "material_name", "material_type", "category", "unit", "min_temp_c", "max_temp_c", "shelf_life_days", "risk_level", "supplier_id") VALUES ('PK0045', 'สติ๊กเกอร์แพคเกจจิ้ง หมูปิ้งนมสดสูตรเข้มข้น aro', 'PM', 'Sticker', 'ดวง', NULL, NULL, NULL, NULL, NULL);
INSERT INTO "material_master" ("material_code", "material_name", "material_type", "category", "unit", "min_temp_c", "max_temp_c", "shelf_life_days", "risk_level", "supplier_id") VALUES ('PK0046', 'ถุงHD A10*16  พิมพ์หมูแดดเดียว', 'PM', 'Packaging', 'กิโลกรัม', NULL, NULL, NULL, NULL, NULL);
INSERT INTO "material_master" ("material_code", "material_name", "material_type", "category", "unit", "min_temp_c", "max_temp_c", "shelf_life_days", "risk_level", "supplier_id") VALUES ('PK0053', 'ถุงHD 11*17 (ไม่พิมพ์โลโก้)', 'PM', 'Packaging', 'กิโลกรัม', NULL, NULL, NULL, NULL, NULL);
INSERT INTO "material_master" ("material_code", "material_name", "material_type", "category", "unit", "min_temp_c", "max_temp_c", "shelf_life_days", "risk_level", "supplier_id") VALUES ('CM0001', 'CL - NEXGEN PH-1000', 'CM', 'Cleaning', 'ลิตร', NULL, NULL, NULL, NULL, NULL);
INSERT INTO "material_master" ("material_code", "material_name", "material_type", "category", "unit", "min_temp_c", "max_temp_c", "shelf_life_days", "risk_level", "supplier_id") VALUES ('CM0002', 'SN - คลอรีนน้ำ 10%', 'CM', 'Sanitizing', 'กิโลกรััม', NULL, NULL, NULL, NULL, NULL);
INSERT INTO "material_master" ("material_code", "material_name", "material_type", "category", "unit", "min_temp_c", "max_temp_c", "shelf_life_days", "risk_level", "supplier_id") VALUES ('CM0003', 'CL - ENRICH D028', 'CM', 'Cleaning', 'กิโลกรัม', NULL, NULL, NULL, NULL, NULL);
INSERT INTO "material_master" ("material_code", "material_name", "material_type", "category", "unit", "min_temp_c", "max_temp_c", "shelf_life_days", "risk_level", "supplier_id") VALUES ('CM0004', 'SN - NEXGEN ALCO 70B', 'CM', 'Sanitizing', 'ลิตร', NULL, NULL, NULL, NULL, NULL);
INSERT INTO "material_master" ("material_code", "material_name", "material_type", "category", "unit", "min_temp_c", "max_temp_c", "shelf_life_days", "risk_level", "supplier_id") VALUES ('CM0006', 'SN - NEXGEN SAN 800', 'CM', 'Sanitizing', 'กิโลกรัม', NULL, NULL, NULL, NULL, NULL);
INSERT INTO "material_master" ("material_code", "material_name", "material_type", "category", "unit", "min_temp_c", "max_temp_c", "shelf_life_days", "risk_level", "supplier_id") VALUES ('CM0007', 'CL - NEXGEN MP-1000', 'CM', 'Cleaning', 'กิโลกรัม', NULL, NULL, NULL, NULL, NULL);

DROP TABLE IF EXISTS "สำเนาของ_material_master";
CREATE TABLE "สำเนาของ_material_master" (
    "id" INTEGER PRIMARY KEY AUTOINCREMENT,
    "material_code" TEXT,
    "material_name" TEXT,
    "material_type" TEXT,
    "category" TEXT,
    "unit" TEXT,
    "min_temp_c" INTEGER,
    "max_temp_c" INTEGER,
    "shelf_life_days" INTEGER,
    "risk_level" TEXT,
    "supplier_id" TEXT
);
INSERT INTO "สำเนาของ_material_master" ("material_code", "material_name", "material_type", "category", "unit", "min_temp_c", "max_temp_c", "shelf_life_days", "risk_level", "supplier_id") VALUES ('RM0001', 'สะโพกหมู', 'RM', 'Pork', 'กิโลกรัม', 0, 7, 6, 'High', 'SP001');
INSERT INTO "สำเนาของ_material_master" ("material_code", "material_name", "material_type", "category", "unit", "min_temp_c", "max_temp_c", "shelf_life_days", "risk_level", "supplier_id") VALUES ('RM0002', 'มันสันแข็ง', 'RM', 'Pork', 'กิโลกรัม', 0, 7, 6, 'High', 'SP001');
INSERT INTO "สำเนาของ_material_master" ("material_code", "material_name", "material_type", "category", "unit", "min_temp_c", "max_temp_c", "shelf_life_days", "risk_level", "supplier_id") VALUES ('RM0004', 'เศษบีบีติดหนัง', 'RM', 'Chicken', 'กิโลกรัม', 0, 7, 5, 'High', 'SP005');
INSERT INTO "สำเนาของ_material_master" ("material_code", "material_name", "material_type", "category", "unit", "min_temp_c", "max_temp_c", "shelf_life_days", "risk_level", "supplier_id") VALUES ('RM0005', 'อกไก่', 'RM', 'Chicken', 'กิโลกรัม', 0, 7, 5, 'High', 'SP005');
INSERT INTO "สำเนาของ_material_master" ("material_code", "material_name", "material_type", "category", "unit", "min_temp_c", "max_temp_c", "shelf_life_days", "risk_level", "supplier_id") VALUES ('RM0006', 'ข้าวสารเหนียว', 'DM', 'Rice', 'กิโลกรัม', NULL, NULL, NULL, 'Medium', 'SP005');
INSERT INTO "สำเนาของ_material_master" ("material_code", "material_name", "material_type", "category", "unit", "min_temp_c", "max_temp_c", "shelf_life_days", "risk_level", "supplier_id") VALUES ('PD0001', 'ซอสหอยนางรมหมู', 'DM', 'Seasoning', 'กิโลกรัม', NULL, NULL, NULL, NULL, NULL);
INSERT INTO "สำเนาของ_material_master" ("material_code", "material_name", "material_type", "category", "unit", "min_temp_c", "max_temp_c", "shelf_life_days", "risk_level", "supplier_id") VALUES ('PD0002', 'ซอสหอยนางรมไก่', 'DM', 'Seasoning', 'กิโลกรัม', NULL, NULL, NULL, NULL, NULL);
INSERT INTO "สำเนาของ_material_master" ("material_code", "material_name", "material_type", "category", "unit", "min_temp_c", "max_temp_c", "shelf_life_days", "risk_level", "supplier_id") VALUES ('PD0003', 'ซอสปรุงรสฝาเขียว', 'DM', 'Seasoning', 'กิโลกรัม', NULL, NULL, NULL, NULL, NULL);
INSERT INTO "สำเนาของ_material_master" ("material_code", "material_name", "material_type", "category", "unit", "min_temp_c", "max_temp_c", "shelf_life_days", "risk_level", "supplier_id") VALUES ('PD0004', 'ซีอิ้วขาว  สูตร 1', 'DM', 'Seasoning', 'กิโลกรัม', NULL, NULL, NULL, NULL, NULL);
INSERT INTO "สำเนาของ_material_master" ("material_code", "material_name", "material_type", "category", "unit", "min_temp_c", "max_temp_c", "shelf_life_days", "risk_level", "supplier_id") VALUES ('PD0005', 'ซีอิ้วดำฉลากส้ม', 'DM', 'Ingredient', 'กิโลกรัม', NULL, NULL, NULL, NULL, NULL);
INSERT INTO "สำเนาของ_material_master" ("material_code", "material_name", "material_type", "category", "unit", "min_temp_c", "max_temp_c", "shelf_life_days", "risk_level", "supplier_id") VALUES ('PD0006', 'ซีอิ้วขาวเห็ดหอม', 'DM', 'Seasoning', 'กิโลกรัม', NULL, NULL, NULL, NULL, NULL);
INSERT INTO "สำเนาของ_material_master" ("material_code", "material_name", "material_type", "category", "unit", "min_temp_c", "max_temp_c", "shelf_life_days", "risk_level", "supplier_id") VALUES ('PD0007', 'ผงปรุงรส', 'DM', 'Seasoning', 'กิโลกรัม', NULL, NULL, NULL, NULL, NULL);
INSERT INTO "สำเนาของ_material_master" ("material_code", "material_name", "material_type", "category", "unit", "min_temp_c", "max_temp_c", "shelf_life_days", "risk_level", "supplier_id") VALUES ('PD0008', 'ผงชูรส', 'DM', 'Seasoning', 'กิโลกรัม', NULL, NULL, NULL, NULL, NULL);
INSERT INTO "สำเนาของ_material_master" ("material_code", "material_name", "material_type", "category", "unit", "min_temp_c", "max_temp_c", "shelf_life_days", "risk_level", "supplier_id") VALUES ('PD0009', 'แป้งท้าว', 'DM', 'Seasoning', 'กิโลกรัม', NULL, NULL, NULL, NULL, NULL);
INSERT INTO "สำเนาของ_material_master" ("material_code", "material_name", "material_type", "category", "unit", "min_temp_c", "max_temp_c", "shelf_life_days", "risk_level", "supplier_id") VALUES ('PD0010', 'เกลือ', 'DM', 'Ingredient', 'กิโลกรัม', NULL, NULL, NULL, NULL, NULL);
INSERT INTO "สำเนาของ_material_master" ("material_code", "material_name", "material_type", "category", "unit", "min_temp_c", "max_temp_c", "shelf_life_days", "risk_level", "supplier_id") VALUES ('PD0011', 'กระเทียม', 'DM', 'Seasoning', 'กิโลกรัม', NULL, NULL, NULL, NULL, NULL);
INSERT INTO "สำเนาของ_material_master" ("material_code", "material_name", "material_type", "category", "unit", "min_temp_c", "max_temp_c", "shelf_life_days", "risk_level", "supplier_id") VALUES ('PD0012', 'พริกไทยดำ', 'DM', 'Seasoning', 'กิโลกรัม', NULL, NULL, NULL, NULL, NULL);
INSERT INTO "สำเนาของ_material_master" ("material_code", "material_name", "material_type", "category", "unit", "min_temp_c", "max_temp_c", "shelf_life_days", "risk_level", "supplier_id") VALUES ('PD0013', 'พริกไทยขาว', 'DM', 'Seasoning', 'กิโลกรัม', NULL, NULL, NULL, NULL, NULL);
INSERT INTO "สำเนาของ_material_master" ("material_code", "material_name", "material_type", "category", "unit", "min_temp_c", "max_temp_c", "shelf_life_days", "risk_level", "supplier_id") VALUES ('PD0014', 'เมล็ดผักชี', 'DM', 'Seasoning', 'กิโลกรัม', NULL, NULL, NULL, NULL, NULL);
INSERT INTO "สำเนาของ_material_master" ("material_code", "material_name", "material_type", "category", "unit", "min_temp_c", "max_temp_c", "shelf_life_days", "risk_level", "supplier_id") VALUES ('PD0015', 'ผงขมิ้น', 'DM', 'Seasoning', 'กิโลกรัม', NULL, NULL, NULL, NULL, NULL);
INSERT INTO "สำเนาของ_material_master" ("material_code", "material_name", "material_type", "category", "unit", "min_temp_c", "max_temp_c", "shelf_life_days", "risk_level", "supplier_id") VALUES ('PD0016', 'ผงกระเทียม', 'DM', 'Seasoning', 'กรัม', NULL, NULL, NULL, NULL, NULL);
INSERT INTO "สำเนาของ_material_master" ("material_code", "material_name", "material_type", "category", "unit", "min_temp_c", "max_temp_c", "shelf_life_days", "risk_level", "supplier_id") VALUES ('PD0017', 'น้ำตาลมะพร้าวหมู', 'DM', 'Ingredient', 'กิโลกรัม', NULL, NULL, NULL, NULL, NULL);
INSERT INTO "สำเนาของ_material_master" ("material_code", "material_name", "material_type", "category", "unit", "min_temp_c", "max_temp_c", "shelf_life_days", "risk_level", "supplier_id") VALUES ('PD0018', 'น้ำตาลมะพร้าวไก่', 'DM', 'Ingredient', 'กิโลกรัม', NULL, NULL, NULL, NULL, NULL);
INSERT INTO "สำเนาของ_material_master" ("material_code", "material_name", "material_type", "category", "unit", "min_temp_c", "max_temp_c", "shelf_life_days", "risk_level", "supplier_id") VALUES ('PD0019', 'นมจืด', 'DM', 'Ingredient', 'กระป๋อง', NULL, NULL, NULL, NULL, NULL);
INSERT INTO "สำเนาของ_material_master" ("material_code", "material_name", "material_type", "category", "unit", "min_temp_c", "max_temp_c", "shelf_life_days", "risk_level", "supplier_id") VALUES ('PD0020', 'สีส้มแดง', 'DM', 'Additive', 'กรัม', NULL, NULL, NULL, NULL, NULL);
INSERT INTO "สำเนาของ_material_master" ("material_code", "material_name", "material_type", "category", "unit", "min_temp_c", "max_temp_c", "shelf_life_days", "risk_level", "supplier_id") VALUES ('PD0021', 'สีเหลืองไข่', 'DM', 'Additive', 'กรัม', NULL, NULL, NULL, NULL, NULL);
INSERT INTO "สำเนาของ_material_master" ("material_code", "material_name", "material_type", "category", "unit", "min_temp_c", "max_temp_c", "shelf_life_days", "risk_level", "supplier_id") VALUES ('PD0022', 'โซดา', 'DM', 'Additive', 'ขวด', NULL, NULL, NULL, NULL, NULL);
INSERT INTO "สำเนาของ_material_master" ("material_code", "material_name", "material_type", "category", "unit", "min_temp_c", "max_temp_c", "shelf_life_days", "risk_level", "supplier_id") VALUES ('PD0023', 'ฟอสเฟต', 'DM', 'Additive', 'กรัม', NULL, NULL, NULL, NULL, NULL);
INSERT INTO "สำเนาของ_material_master" ("material_code", "material_name", "material_type", "category", "unit", "min_temp_c", "max_temp_c", "shelf_life_days", "risk_level", "supplier_id") VALUES ('PD0024', 'แป้งมัน', 'DM', 'Ingredient', 'กิโลกรัม', NULL, NULL, NULL, NULL, NULL);
INSERT INTO "สำเนาของ_material_master" ("material_code", "material_name", "material_type", "category", "unit", "min_temp_c", "max_temp_c", "shelf_life_days", "risk_level", "supplier_id") VALUES ('PD0025', 'วุ้นเส้น', 'DM', 'Ingredient', 'กรัม', NULL, NULL, NULL, NULL, NULL);
INSERT INTO "สำเนาของ_material_master" ("material_code", "material_name", "material_type", "category", "unit", "min_temp_c", "max_temp_c", "shelf_life_days", "risk_level", "supplier_id") VALUES ('PD0026', 'ข้าวเจ้า', 'DM', 'Ingredient', 'กิโลกรัม', NULL, NULL, NULL, NULL, NULL);
INSERT INTO "สำเนาของ_material_master" ("material_code", "material_name", "material_type", "category", "unit", "min_temp_c", "max_temp_c", "shelf_life_days", "risk_level", "supplier_id") VALUES ('PD0027', 'ซอสบาร์บีคิว', 'DM', 'Seasoning', 'กิโลกรัม', NULL, NULL, NULL, NULL, NULL);
INSERT INTO "สำเนาของ_material_master" ("material_code", "material_name", "material_type", "category", "unit", "min_temp_c", "max_temp_c", "shelf_life_days", "risk_level", "supplier_id") VALUES ('PD0028', 'ซอสพริก', 'DM', 'Seasoning', 'กิโลกรัม', NULL, NULL, NULL, NULL, NULL);
INSERT INTO "สำเนาของ_material_master" ("material_code", "material_name", "material_type", "category", "unit", "min_temp_c", "max_temp_c", "shelf_life_days", "risk_level", "supplier_id") VALUES ('PD0029', 'เบคกิ้งโซดา', 'DM', 'Additive', 'กิโลกรัม', NULL, NULL, NULL, NULL, NULL);
INSERT INTO "สำเนาของ_material_master" ("material_code", "material_name", "material_type", "category", "unit", "min_temp_c", "max_temp_c", "shelf_life_days", "risk_level", "supplier_id") VALUES ('PD0030', 'ผงสามเกลอ', 'DM', 'Seasoning', 'กิโลกรัม', NULL, NULL, NULL, NULL, NULL);
INSERT INTO "สำเนาของ_material_master" ("material_code", "material_name", "material_type", "category", "unit", "min_temp_c", "max_temp_c", "shelf_life_days", "risk_level", "supplier_id") VALUES ('PD0031', 'พริกขี้หนูป่น', 'DM', 'Seasoning', 'กิโลกรัม', NULL, NULL, NULL, NULL, NULL);
INSERT INTO "สำเนาของ_material_master" ("material_code", "material_name", "material_type", "category", "unit", "min_temp_c", "max_temp_c", "shelf_life_days", "risk_level", "supplier_id") VALUES ('PD0032', 'ผงพริกหม่าล่า', 'DM', 'Seasoning', 'กิโลกรัม', NULL, NULL, NULL, NULL, NULL);
INSERT INTO "สำเนาของ_material_master" ("material_code", "material_name", "material_type", "category", "unit", "min_temp_c", "max_temp_c", "shelf_life_days", "risk_level", "supplier_id") VALUES ('PD0033', 'ผงกะหรี่', 'DM', 'Seasoning', 'กิโลกรัม', NULL, NULL, NULL, NULL, NULL);
INSERT INTO "สำเนาของ_material_master" ("material_code", "material_name", "material_type", "category", "unit", "min_temp_c", "max_temp_c", "shelf_life_days", "risk_level", "supplier_id") VALUES ('PD0034', 'น้ำมันงา', 'DM', 'Seasoning', 'ลิตร', NULL, NULL, NULL, NULL, NULL);
INSERT INTO "สำเนาของ_material_master" ("material_code", "material_name", "material_type", "category", "unit", "min_temp_c", "max_temp_c", "shelf_life_days", "risk_level", "supplier_id") VALUES ('PD0035', 'น้ำปลา', 'DM', 'Seasoning', 'ลิตร', NULL, NULL, NULL, NULL, NULL);
INSERT INTO "สำเนาของ_material_master" ("material_code", "material_name", "material_type", "category", "unit", "min_temp_c", "max_temp_c", "shelf_life_days", "risk_level", "supplier_id") VALUES ('PD0036', 'ซอสโชยุ', 'DM', 'Seasoning', 'กรัม', NULL, NULL, NULL, NULL, NULL);
INSERT INTO "สำเนาของ_material_master" ("material_code", "material_name", "material_type", "category", "unit", "min_temp_c", "max_temp_c", "shelf_life_days", "risk_level", "supplier_id") VALUES ('PD0037', 'ซอสเทอริยากิ', 'DM', 'Seasoning', 'กรัม', NULL, NULL, NULL, NULL, NULL);
INSERT INTO "สำเนาของ_material_master" ("material_code", "material_name", "material_type", "category", "unit", "min_temp_c", "max_temp_c", "shelf_life_days", "risk_level", "supplier_id") VALUES ('PD0038', 'งาขาว', 'DM', 'Seasoning', 'กรัม', NULL, NULL, NULL, NULL, NULL);
INSERT INTO "สำเนาของ_material_master" ("material_code", "material_name", "material_type", "category", "unit", "min_temp_c", "max_temp_c", "shelf_life_days", "risk_level", "supplier_id") VALUES ('PG0001', 'ถุงหูหิ้ว9*18', 'PM', 'Packaging', 'กิโลกรัม', NULL, NULL, NULL, NULL, NULL);
INSERT INTO "สำเนาของ_material_master" ("material_code", "material_name", "material_type", "category", "unit", "min_temp_c", "max_temp_c", "shelf_life_days", "risk_level", "supplier_id") VALUES ('PG0002', 'ถุงหูหิ้ว12*20', 'PM', 'Packaging', 'กิโลกรัม', NULL, NULL, NULL, NULL, NULL);
INSERT INTO "สำเนาของ_material_master" ("material_code", "material_name", "material_type", "category", "unit", "min_temp_c", "max_temp_c", "shelf_life_days", "risk_level", "supplier_id") VALUES ('PG0003', 'ถุงหูหิ้ว12*18', 'PM', 'Packaging', 'กิโลกรัม', NULL, NULL, NULL, NULL, NULL);
INSERT INTO "สำเนาของ_material_master" ("material_code", "material_name", "material_type", "category", "unit", "min_temp_c", "max_temp_c", "shelf_life_days", "risk_level", "supplier_id") VALUES ('PG0004', 'ถุงใส6*9', 'PM', 'Packaging', 'กิโลกรัม', NULL, NULL, NULL, NULL, NULL);
INSERT INTO "สำเนาของ_material_master" ("material_code", "material_name", "material_type", "category", "unit", "min_temp_c", "max_temp_c", "shelf_life_days", "risk_level", "supplier_id") VALUES ('PG0005', 'ถุงขยะดำ 24*28*20mm', 'PM', 'Plastic Bag', 'กิโลกรัม', NULL, NULL, NULL, NULL, NULL);
INSERT INTO "สำเนาของ_material_master" ("material_code", "material_name", "material_type", "category", "unit", "min_temp_c", "max_temp_c", "shelf_life_days", "risk_level", "supplier_id") VALUES ('PG0006', 'ถุงขยะสีชา', 'PM', 'Plastic Bag', 'กิโลกรัม', NULL, NULL, NULL, NULL, NULL);
INSERT INTO "สำเนาของ_material_master" ("material_code", "material_name", "material_type", "category", "unit", "min_temp_c", "max_temp_c", "shelf_life_days", "risk_level", "supplier_id") VALUES ('PG0009', 'รองเท้าบูทยางสีขาว เบอร์ 11', 'PM', 'Boots', 'คู่', NULL, NULL, NULL, NULL, NULL);
INSERT INTO "สำเนาของ_material_master" ("material_code", "material_name", "material_type", "category", "unit", "min_temp_c", "max_temp_c", "shelf_life_days", "risk_level", "supplier_id") VALUES ('PG0010', 'รองเท้าบูทสีขาว เบอร์12', 'PM', 'Boots', 'คู่', NULL, NULL, NULL, NULL, NULL);
INSERT INTO "สำเนาของ_material_master" ("material_code", "material_name", "material_type", "category", "unit", "min_temp_c", "max_temp_c", "shelf_life_days", "risk_level", "supplier_id") VALUES ('PG0011', 'เอี๋ยมน้ำเงิน', 'PM', 'Aprons', 'ผืน', NULL, NULL, NULL, NULL, NULL);
INSERT INTO "สำเนาของ_material_master" ("material_code", "material_name", "material_type", "category", "unit", "min_temp_c", "max_temp_c", "shelf_life_days", "risk_level", "supplier_id") VALUES ('PG0012', 'ถุงมือยางสีน้ำเงิน/S', 'PM', 'Gloves', 'กล่อง', NULL, NULL, NULL, NULL, NULL);
INSERT INTO "สำเนาของ_material_master" ("material_code", "material_name", "material_type", "category", "unit", "min_temp_c", "max_temp_c", "shelf_life_days", "risk_level", "supplier_id") VALUES ('PG0013', 'ถุงมือยางสีน้ำเงิน/M', 'PM', 'Gloves', 'กล่อง', NULL, NULL, NULL, NULL, NULL);
INSERT INTO "สำเนาของ_material_master" ("material_code", "material_name", "material_type", "category", "unit", "min_temp_c", "max_temp_c", "shelf_life_days", "risk_level", "supplier_id") VALUES ('PG0014', 'ถุงมือยางสีน้ำเงิน/L', 'PM', 'Gloves', 'กล่อง', NULL, NULL, NULL, NULL, NULL);
INSERT INTO "สำเนาของ_material_master" ("material_code", "material_name", "material_type", "category", "unit", "min_temp_c", "max_temp_c", "shelf_life_days", "risk_level", "supplier_id") VALUES ('PG0015', 'ถุงHD A11"x17" หนา 0.12 มม./คู่', 'PM', 'Packaging', 'กิโลกรัม', NULL, NULL, NULL, NULL, NULL);
INSERT INTO "สำเนาของ_material_master" ("material_code", "material_name", "material_type", "category", "unit", "min_temp_c", "max_temp_c", "shelf_life_days", "risk_level", "supplier_id") VALUES ('PG0016', 'ถุง HD  A14"x25" หนา 0.12 มม./คู่ (สีขาว)', 'PM', 'Packaging', 'กิโลกรัม', NULL, NULL, NULL, NULL, NULL);
INSERT INTO "สำเนาของ_material_master" ("material_code", "material_name", "material_type", "category", "unit", "min_temp_c", "max_temp_c", "shelf_life_days", "risk_level", "supplier_id") VALUES ('PG0018', 'ถุง HD  A14"x25" หนา 0.12 มม./คู่ (สีฟ้า)', 'PM', 'Packaging', 'กิโลกรัม', NULL, NULL, NULL, NULL, NULL);
INSERT INTO "สำเนาของ_material_master" ("material_code", "material_name", "material_type", "category", "unit", "min_temp_c", "max_temp_c", "shelf_life_days", "risk_level", "supplier_id") VALUES ('PK0001', 'กล่องลูกฟูก5ชั้น ขนาด287*385*305', 'PM', 'Packaging', 'ใบ', NULL, NULL, NULL, NULL, NULL);
INSERT INTO "สำเนาของ_material_master" ("material_code", "material_name", "material_type", "category", "unit", "min_temp_c", "max_temp_c", "shelf_life_days", "risk_level", "supplier_id") VALUES ('PK0002', 'กล่องลูกฟูก5ชั้น ขนาด23*40*21.2', 'PM', 'Packaging', 'ใบ', NULL, NULL, NULL, NULL, NULL);
INSERT INTO "สำเนาของ_material_master" ("material_code", "material_name", "material_type", "category", "unit", "min_temp_c", "max_temp_c", "shelf_life_days", "risk_level", "supplier_id") VALUES ('PK0003', 'กล่องโฟม 25', 'PM', 'Packaging', 'ใบ', NULL, NULL, NULL, NULL, NULL);
INSERT INTO "สำเนาของ_material_master" ("material_code", "material_name", "material_type", "category", "unit", "min_temp_c", "max_temp_c", "shelf_life_days", "risk_level", "supplier_id") VALUES ('PK0004', 'กล่องโฟม 3 กก', 'PM', 'Packaging', 'ใบ', NULL, NULL, NULL, NULL, NULL);
INSERT INTO "สำเนาของ_material_master" ("material_code", "material_name", "material_type", "category", "unit", "min_temp_c", "max_temp_c", "shelf_life_days", "risk_level", "supplier_id") VALUES ('PK0005', 'ถุงHD A19*12(แผ่นแพ็ค)', 'PM', 'Packaging', 'กิโลกรัม', NULL, NULL, NULL, NULL, NULL);
INSERT INTO "สำเนาของ_material_master" ("material_code", "material_name", "material_type", "category", "unit", "min_temp_c", "max_temp_c", "shelf_life_days", "risk_level", "supplier_id") VALUES ('PK0006', 'ถุงHD/A10*16หนา0.08มม.คู่ไม่พิมพ์โลโก้', 'PM', 'Packaging', 'กิโลกรัม', NULL, NULL, NULL, NULL, NULL);
INSERT INTO "สำเนาของ_material_master" ("material_code", "material_name", "material_type", "category", "unit", "min_temp_c", "max_temp_c", "shelf_life_days", "risk_level", "supplier_id") VALUES ('PK0007', 'ถุงHD A10*16หนา พิมพ์โลโก้', 'PM', 'Packaging', 'กิโลกรัม', NULL, NULL, NULL, NULL, NULL);
INSERT INTO "สำเนาของ_material_master" ("material_code", "material_name", "material_type", "category", "unit", "min_temp_c", "max_temp_c", "shelf_life_days", "risk_level", "supplier_id") VALUES ('PK0008', 'ถุงNYLON+LL 220mm*300mm ซีล 3ด้าน', 'PM', 'Packaging', 'ใบ', NULL, NULL, NULL, NULL, NULL);
INSERT INTO "สำเนาของ_material_master" ("material_code", "material_name", "material_type", "category", "unit", "min_temp_c", "max_temp_c", "shelf_life_days", "risk_level", "supplier_id") VALUES ('PK0009', 'ถุงHD 11*17 พิมพ์โลโก้หมูนมสด size s', 'PM', 'Packaging', 'กิโลกรัม', NULL, NULL, NULL, NULL, NULL);
INSERT INTO "สำเนาของ_material_master" ("material_code", "material_name", "material_type", "category", "unit", "min_temp_c", "max_temp_c", "shelf_life_days", "risk_level", "supplier_id") VALUES ('PK0010', 'เทปใส', 'PM', 'Tape', 'ม้วน', NULL, NULL, NULL, NULL, NULL);
INSERT INTO "สำเนาของ_material_master" ("material_code", "material_name", "material_type", "category", "unit", "min_temp_c", "max_temp_c", "shelf_life_days", "risk_level", "supplier_id") VALUES ('PK0011', 'แผ่นรองชั้น HD A7*10หนา0.08มม', 'PM', 'Packaging', 'กิโลกรัม', NULL, NULL, NULL, NULL, NULL);
INSERT INTO "สำเนาของ_material_master" ("material_code", "material_name", "material_type", "category", "unit", "min_temp_c", "max_temp_c", "shelf_life_days", "risk_level", "supplier_id") VALUES ('PK0012', 'แผ่นแพ็คHD A18*23หนา0.08มม', 'PM', 'Packaging', 'กิโลกรัม', NULL, NULL, NULL, NULL, NULL);
INSERT INTO "สำเนาของ_material_master" ("material_code", "material_name", "material_type", "category", "unit", "min_temp_c", "max_temp_c", "shelf_life_days", "risk_level", "supplier_id") VALUES ('PK0013', 'แผ่นHD Aสีเหลือง18*23หนา0.08มม', 'PM', 'Packaging', 'กิโลกรัม', NULL, NULL, NULL, NULL, NULL);
INSERT INTO "สำเนาของ_material_master" ("material_code", "material_name", "material_type", "category", "unit", "min_temp_c", "max_temp_c", "shelf_life_days", "risk_level", "supplier_id") VALUES ('PK0014', 'แผ่นHD Aสีเขียว18*23หนา0.08มม', 'PM', 'Packaging', 'กิโลกรัม', NULL, NULL, NULL, NULL, NULL);
INSERT INTO "สำเนาของ_material_master" ("material_code", "material_name", "material_type", "category", "unit", "min_temp_c", "max_temp_c", "shelf_life_days", "risk_level", "supplier_id") VALUES ('PK0015', 'แผ่นHD Aชมพู18*23หนา0.08มม', 'PM', 'Packaging', 'กิโลกรัม', NULL, NULL, NULL, NULL, NULL);
INSERT INTO "สำเนาของ_material_master" ("material_code", "material_name", "material_type", "category", "unit", "min_temp_c", "max_temp_c", "shelf_life_days", "risk_level", "supplier_id") VALUES ('PK0016', 'แผ่นHD Aสีส้ม18*23หนา0.08มม', 'PM', 'Packaging', 'กิโลกรัม', NULL, NULL, NULL, NULL, NULL);
INSERT INTO "สำเนาของ_material_master" ("material_code", "material_name", "material_type", "category", "unit", "min_temp_c", "max_temp_c", "shelf_life_days", "risk_level", "supplier_id") VALUES ('PK0017', 'แผ่นห่อHD A8*10หนา0.08มม', 'PM', 'Packaging', 'กิโลกรัม', NULL, NULL, NULL, NULL, NULL);
INSERT INTO "สำเนาของ_material_master" ("material_code", "material_name", "material_type", "category", "unit", "min_temp_c", "max_temp_c", "shelf_life_days", "risk_level", "supplier_id") VALUES ('PK0018', 'แผ่นห่อDH A4*6หนา0.08มม', 'PM', 'Packaging', 'กิโลกรัม', NULL, NULL, NULL, NULL, NULL);
INSERT INTO "สำเนาของ_material_master" ("material_code", "material_name", "material_type", "category", "unit", "min_temp_c", "max_temp_c", "shelf_life_days", "risk_level", "supplier_id") VALUES ('PK0019', 'ไม้กลม3*5', 'PM', 'Skewer', 'กิโลกรัม', NULL, NULL, NULL, NULL, NULL);
INSERT INTO "สำเนาของ_material_master" ("material_code", "material_name", "material_type", "category", "unit", "min_temp_c", "max_temp_c", "shelf_life_days", "risk_level", "supplier_id") VALUES ('PK0020', 'ไม้กลม3*6', 'PM', 'Skewer', 'กิโลกรัม', NULL, NULL, NULL, NULL, NULL);
INSERT INTO "สำเนาของ_material_master" ("material_code", "material_name", "material_type", "category", "unit", "min_temp_c", "max_temp_c", "shelf_life_days", "risk_level", "supplier_id") VALUES ('PK0021', 'ไม้กลม3*7', 'PM', 'Skewer', 'กิโลกรัม', NULL, NULL, NULL, NULL, NULL);
INSERT INTO "สำเนาของ_material_master" ("material_code", "material_name", "material_type", "category", "unit", "min_temp_c", "max_temp_c", "shelf_life_days", "risk_level", "supplier_id") VALUES ('PK0022', 'ไม้ชายธงเบอร์6', 'PM', 'Skewer', 'ถุง', NULL, NULL, NULL, NULL, NULL);
INSERT INTO "สำเนาของ_material_master" ("material_code", "material_name", "material_type", "category", "unit", "min_temp_c", "max_temp_c", "shelf_life_days", "risk_level", "supplier_id") VALUES ('PK0023', 'สติ๊กเกอร์ติดข้างกล่อง MK', 'PM', 'Sticker', 'ดวง', NULL, NULL, NULL, NULL, NULL);
INSERT INTO "สำเนาของ_material_master" ("material_code", "material_name", "material_type", "category", "unit", "min_temp_c", "max_temp_c", "shelf_life_days", "risk_level", "supplier_id") VALUES ('PK0024', 'สติ๊กเกอร์ติดแพ็คเก็จจิ้ง MK', 'PM', 'Sticker', 'ดวง', NULL, NULL, NULL, NULL, NULL);
INSERT INTO "สำเนาของ_material_master" ("material_code", "material_name", "material_type", "category", "unit", "min_temp_c", "max_temp_c", "shelf_life_days", "risk_level", "supplier_id") VALUES ('PK0025', 'สติ๊กเกอร์ (ข้าว)', 'PM', 'Sticker', 'ดวง', NULL, NULL, NULL, NULL, NULL);
INSERT INTO "สำเนาของ_material_master" ("material_code", "material_name", "material_type", "category", "unit", "min_temp_c", "max_temp_c", "shelf_life_days", "risk_level", "supplier_id") VALUES ('PK0026', 'ถุงHD A10*16  พิมพ์ไก่พริกไทยดำ', 'PM', 'Packaging', 'กิโลกรัม', NULL, NULL, NULL, NULL, NULL);
INSERT INTO "สำเนาของ_material_master" ("material_code", "material_name", "material_type", "category", "unit", "min_temp_c", "max_temp_c", "shelf_life_days", "risk_level", "supplier_id") VALUES ('PK0027', 'ถุงHD A10*16  พิมพ์ไก่แดง', 'PM', 'Packaging', 'กิโลกรัม', NULL, NULL, NULL, NULL, NULL);
INSERT INTO "สำเนาของ_material_master" ("material_code", "material_name", "material_type", "category", "unit", "min_temp_c", "max_temp_c", "shelf_life_days", "risk_level", "supplier_id") VALUES ('PK0028', 'ถุงHD A10*16  พิมพ์ไก่นมสด', 'PM', 'Packaging', 'กิโลกรัม', NULL, NULL, NULL, NULL, NULL);
INSERT INTO "สำเนาของ_material_master" ("material_code", "material_name", "material_type", "category", "unit", "min_temp_c", "max_temp_c", "shelf_life_days", "risk_level", "supplier_id") VALUES ('PK0029', 'ไม้กลม2.5*6', 'PM', 'Skewer', 'กิโลกรัม', NULL, NULL, NULL, NULL, NULL);
INSERT INTO "สำเนาของ_material_master" ("material_code", "material_name", "material_type", "category", "unit", "min_temp_c", "max_temp_c", "shelf_life_days", "risk_level", "supplier_id") VALUES ('PK0030', 'ถุงNYLON+LL 300*400mm.*80cm ซีล 3 ด้าน', 'PM', 'Packaging', 'ใบ', NULL, NULL, NULL, NULL, NULL);
INSERT INTO "สำเนาของ_material_master" ("material_code", "material_name", "material_type", "category", "unit", "min_temp_c", "max_temp_c", "shelf_life_days", "risk_level", "supplier_id") VALUES ('PK0031', 'สติ๊กเกอร์ติดข้างกล่อง หมูนมสด-GHS', 'PM', 'Sticker', 'ดวง', NULL, NULL, NULL, NULL, NULL);
INSERT INTO "สำเนาของ_material_master" ("material_code", "material_name", "material_type", "category", "unit", "min_temp_c", "max_temp_c", "shelf_life_days", "risk_level", "supplier_id") VALUES ('PK0032', 'สติ๊กเกอร์ติดแพคเกจจิ้ง หมูนมสด-GHS', 'PM', 'Sticker', 'ดวง', NULL, NULL, NULL, NULL, NULL);
INSERT INTO "สำเนาของ_material_master" ("material_code", "material_name", "material_type", "category", "unit", "min_temp_c", "max_temp_c", "shelf_life_days", "risk_level", "supplier_id") VALUES ('PK0033', 'สติ๊กเกอร์ติดข้างกล่อง BBQ', 'PM', 'Sticker', 'ดวง', NULL, NULL, NULL, NULL, NULL);
INSERT INTO "สำเนาของ_material_master" ("material_code", "material_name", "material_type", "category", "unit", "min_temp_c", "max_temp_c", "shelf_life_days", "risk_level", "supplier_id") VALUES ('PK0034', 'สติ๊กเกอร์ติดแพคเกจจิ้ง BBQ', 'PM', 'Sticker', 'ดวง', NULL, NULL, NULL, NULL, NULL);
INSERT INTO "สำเนาของ_material_master" ("material_code", "material_name", "material_type", "category", "unit", "min_temp_c", "max_temp_c", "shelf_life_days", "risk_level", "supplier_id") VALUES ('PK0036', 'ถุงNYLON+LL 220*240mm.*80mi ซีล 3 ด้าน', 'PM', 'Packaging', 'ใบ', NULL, NULL, NULL, NULL, NULL);
INSERT INTO "สำเนาของ_material_master" ("material_code", "material_name", "material_type", "category", "unit", "min_temp_c", "max_temp_c", "shelf_life_days", "risk_level", "supplier_id") VALUES ('PK0037', 'ถุงNYLON+LL 205*305mm.*80mi ซีล 3 ด้าน', 'PM', 'Packaging', 'ใบ', NULL, NULL, NULL, NULL, NULL);
INSERT INTO "สำเนาของ_material_master" ("material_code", "material_name", "material_type", "category", "unit", "min_temp_c", "max_temp_c", "shelf_life_days", "risk_level", "supplier_id") VALUES ('PK0038', 'กล่องลูกฟูก5ชั้น ขนาด230*400*170', 'PM', 'Packaging', 'ใบ', NULL, NULL, NULL, NULL, NULL);
INSERT INTO "สำเนาของ_material_master" ("material_code", "material_name", "material_type", "category", "unit", "min_temp_c", "max_temp_c", "shelf_life_days", "risk_level", "supplier_id") VALUES ('PK0040', 'สติ๊กเกอร์ข้างกล่อง หมูปิ้งหมักสูตรโบราณ aro', 'PM', 'Sticker', 'ดวง', NULL, NULL, NULL, NULL, NULL);
INSERT INTO "สำเนาของ_material_master" ("material_code", "material_name", "material_type", "category", "unit", "min_temp_c", "max_temp_c", "shelf_life_days", "risk_level", "supplier_id") VALUES ('PK0041', 'สติ๊กเกอร์ข้างกล่อง หมูสะเต๊ะพร้อมปรุงเสียบไม้ aro', 'PM', 'Sticker', 'ดวง', NULL, NULL, NULL, NULL, NULL);
INSERT INTO "สำเนาของ_material_master" ("material_code", "material_name", "material_type", "category", "unit", "min_temp_c", "max_temp_c", "shelf_life_days", "risk_level", "supplier_id") VALUES ('PK0042', 'สติ๊กเกอร์ข้างกล่อง หมูปิ้งนมสดสูตรเข้มข้น aro', 'PM', 'Sticker', 'ดวง', NULL, NULL, NULL, NULL, NULL);
INSERT INTO "สำเนาของ_material_master" ("material_code", "material_name", "material_type", "category", "unit", "min_temp_c", "max_temp_c", "shelf_life_days", "risk_level", "supplier_id") VALUES ('PK0043', 'สติ๊กเกอร์แพคเกจจิ้ง หมูปิ้งหมักสูตรโบราณ aro', 'PM', 'Sticker', 'ดวง', NULL, NULL, NULL, NULL, NULL);
INSERT INTO "สำเนาของ_material_master" ("material_code", "material_name", "material_type", "category", "unit", "min_temp_c", "max_temp_c", "shelf_life_days", "risk_level", "supplier_id") VALUES ('PK0044', 'สติ๊กเกอร์แพคเกจจิ้ง หมูสะเต๊ะพร้อมปรุงเสียบไม้ aro', 'PM', 'Sticker', 'ดวง', NULL, NULL, NULL, NULL, NULL);
INSERT INTO "สำเนาของ_material_master" ("material_code", "material_name", "material_type", "category", "unit", "min_temp_c", "max_temp_c", "shelf_life_days", "risk_level", "supplier_id") VALUES ('PK0045', 'สติ๊กเกอร์แพคเกจจิ้ง หมูปิ้งนมสดสูตรเข้มข้น aro', 'PM', 'Sticker', 'ดวง', NULL, NULL, NULL, NULL, NULL);
INSERT INTO "สำเนาของ_material_master" ("material_code", "material_name", "material_type", "category", "unit", "min_temp_c", "max_temp_c", "shelf_life_days", "risk_level", "supplier_id") VALUES ('PK0046', 'ถุงHD A10*16  พิมพ์หมูแดดเดียว', 'PM', 'Packaging', 'กิโลกรัม', NULL, NULL, NULL, NULL, NULL);
INSERT INTO "สำเนาของ_material_master" ("material_code", "material_name", "material_type", "category", "unit", "min_temp_c", "max_temp_c", "shelf_life_days", "risk_level", "supplier_id") VALUES ('PK0053', 'ถุงHD 11*17 (ไม่พิมพ์โลโก้)', 'PM', 'Packaging', 'กิโลกรัม', NULL, NULL, NULL, NULL, NULL);
INSERT INTO "สำเนาของ_material_master" ("material_code", "material_name", "material_type", "category", "unit", "min_temp_c", "max_temp_c", "shelf_life_days", "risk_level", "supplier_id") VALUES ('CM0001', 'CL - Liquid Soap ', 'CM', 'Cleaning', 'ลิตร', NULL, NULL, NULL, NULL, NULL);
INSERT INTO "สำเนาของ_material_master" ("material_code", "material_name", "material_type", "category", "unit", "min_temp_c", "max_temp_c", "shelf_life_days", "risk_level", "supplier_id") VALUES ('CM0002', 'SN - คลอรีนน้ำ 10%', 'CM', 'Sanitizing', 'กิโลกรััม', NULL, NULL, NULL, NULL, NULL);
INSERT INTO "สำเนาของ_material_master" ("material_code", "material_name", "material_type", "category", "unit", "min_temp_c", "max_temp_c", "shelf_life_days", "risk_level", "supplier_id") VALUES ('CM0003', 'CL - Enrich D028', 'CM', 'Cleaning', 'กิโลกรัม', NULL, NULL, NULL, NULL, NULL);
INSERT INTO "สำเนาของ_material_master" ("material_code", "material_name", "material_type", "category", "unit", "min_temp_c", "max_temp_c", "shelf_life_days", "risk_level", "supplier_id") VALUES ('CM0004', 'SN - ALCOHOL 75%', 'CM', 'Sanitizing', 'ลิตร', NULL, NULL, NULL, NULL, NULL);
INSERT INTO "สำเนาของ_material_master" ("material_code", "material_name", "material_type", "category", "unit", "min_temp_c", "max_temp_c", "shelf_life_days", "risk_level", "supplier_id") VALUES ('CM0006', 'SN - QAC (Q-San M)', 'CM', 'Sanitizing', 'กิโลกรัม', NULL, NULL, NULL, NULL, NULL);
INSERT INTO "สำเนาของ_material_master" ("material_code", "material_name", "material_type", "category", "unit", "min_temp_c", "max_temp_c", "shelf_life_days", "risk_level", "supplier_id") VALUES ('CM0007', 'CL - NEXGEN MP-1000', 'CM', 'Cleaning', 'กิโลกรัม', NULL, NULL, NULL, NULL, NULL);

DROP TABLE IF EXISTS "ingredient_master";
CREATE TABLE "ingredient_master" (
    "id" INTEGER PRIMARY KEY AUTOINCREMENT,
    "material_code" TEXT,
    "material_name" TEXT,
    "material_type" TEXT,
    "category" TEXT,
    "unit" TEXT,
    "storage_temp" TEXT,
    "risk_level" TEXT
);
INSERT INTO "ingredient_master" ("material_code", "material_name", "material_type", "category", "unit", "storage_temp", "risk_level") VALUES ('PD0001', 'ซอสหอยนางรมหมู', 'DM', 'Seasoning', 'กิโลกรัม', '25-30 C', 'Medium');
INSERT INTO "ingredient_master" ("material_code", "material_name", "material_type", "category", "unit", "storage_temp", "risk_level") VALUES ('PD0002', 'ซอสหอยนางรมไก่', 'DM', 'Seasoning', 'กิโลกรัม', '25-30 C', 'Medium');
INSERT INTO "ingredient_master" ("material_code", "material_name", "material_type", "category", "unit", "storage_temp", "risk_level") VALUES ('PD0003', 'ซอสปรุงรสฝาเขียว', 'DM', 'Seasoning', 'กิโลกรัม', '25-30 C', 'Medium');
INSERT INTO "ingredient_master" ("material_code", "material_name", "material_type", "category", "unit", "storage_temp", "risk_level") VALUES ('PD0004', 'ซีอิ้วขาว  สูตร 1', 'DM', 'Seasoning', 'กิโลกรัม', '25-30 C', 'Low');
INSERT INTO "ingredient_master" ("material_code", "material_name", "material_type", "category", "unit", "storage_temp", "risk_level") VALUES ('PD0005', 'ซีอิ้วดำฉลากส้ม', 'DM', 'Ingredient', 'กิโลกรัม', '25-30 C', 'Medium');
INSERT INTO "ingredient_master" ("material_code", "material_name", "material_type", "category", "unit", "storage_temp", "risk_level") VALUES ('PD0006', 'ซีอิ้วขาวเห็ดหอม', 'DM', 'Seasoning', 'กิโลกรัม', '25-30 C', 'Low');
INSERT INTO "ingredient_master" ("material_code", "material_name", "material_type", "category", "unit", "storage_temp", "risk_level") VALUES ('PD0007', 'ผงปรุงรส', 'DM', 'Seasoning', 'กิโลกรัม', '25-30 C', 'Low');
INSERT INTO "ingredient_master" ("material_code", "material_name", "material_type", "category", "unit", "storage_temp", "risk_level") VALUES ('PD0008', 'ผงชูรส', 'DM', 'Seasoning', 'กิโลกรัม', '25-30 C', 'Medium');
INSERT INTO "ingredient_master" ("material_code", "material_name", "material_type", "category", "unit", "storage_temp", "risk_level") VALUES ('PD0009', 'แป้งท้าว', 'DM', 'Seasoning', 'กิโลกรัม', '25-30 C', 'Medium');
INSERT INTO "ingredient_master" ("material_code", "material_name", "material_type", "category", "unit", "storage_temp", "risk_level") VALUES ('PD0010', 'เกลือ', 'DM', 'Ingredient', 'กิโลกรัม', '25-30 C', 'Medium');
INSERT INTO "ingredient_master" ("material_code", "material_name", "material_type", "category", "unit", "storage_temp", "risk_level") VALUES ('PD0011', 'กระเทียม', 'DM', 'Seasoning', 'กิโลกรัม', '25-30 C', 'Medium');
INSERT INTO "ingredient_master" ("material_code", "material_name", "material_type", "category", "unit", "storage_temp", "risk_level") VALUES ('PD0012', 'พริกไทยดำ', 'DM', 'Seasoning', 'กิโลกรัม', '25-30 C', 'Medium');
INSERT INTO "ingredient_master" ("material_code", "material_name", "material_type", "category", "unit", "storage_temp", "risk_level") VALUES ('PD0013', 'พริกไทยขาว', 'DM', 'Seasoning', 'กิโลกรัม', '25-30 C', 'Medium');
INSERT INTO "ingredient_master" ("material_code", "material_name", "material_type", "category", "unit", "storage_temp", "risk_level") VALUES ('PD0014', 'เมล็ดผักชี', 'DM', 'Seasoning', 'กิโลกรัม', '25-30 C', 'Medium');
INSERT INTO "ingredient_master" ("material_code", "material_name", "material_type", "category", "unit", "storage_temp", "risk_level") VALUES ('PD0015', 'ผงขมิ้น', 'DM', 'Seasoning', 'กิโลกรัม', '25-30 C', 'Medium');
INSERT INTO "ingredient_master" ("material_code", "material_name", "material_type", "category", "unit", "storage_temp", "risk_level") VALUES ('PD0016', 'ผงกระเทียม', 'DM', 'Seasoning', 'กรัม', '25-30 C', 'Medium');
INSERT INTO "ingredient_master" ("material_code", "material_name", "material_type", "category", "unit", "storage_temp", "risk_level") VALUES ('PD0017', 'น้ำตาลมะพร้าวหมู', 'DM', 'Ingredient', 'กิโลกรัม', '25-30 C', 'Medium');
INSERT INTO "ingredient_master" ("material_code", "material_name", "material_type", "category", "unit", "storage_temp", "risk_level") VALUES ('PD0018', 'น้ำตาลมะพร้าวไก่', 'DM', 'Ingredient', 'กิโลกรัม', '25-30 C', 'Medium');
INSERT INTO "ingredient_master" ("material_code", "material_name", "material_type", "category", "unit", "storage_temp", "risk_level") VALUES ('PD0019', 'นมจืด', 'DM', 'Ingredient', 'กระป๋อง', '25-30 C', 'Medium');
INSERT INTO "ingredient_master" ("material_code", "material_name", "material_type", "category", "unit", "storage_temp", "risk_level") VALUES ('PD0020', 'สีส้มแดง', 'DM', 'Additive', 'กรัม', '25-30 C', 'Low');
INSERT INTO "ingredient_master" ("material_code", "material_name", "material_type", "category", "unit", "storage_temp", "risk_level") VALUES ('PD0021', 'สีเหลืองไข่', 'DM', 'Additive', 'กรัม', '25-30 C', 'Low');
INSERT INTO "ingredient_master" ("material_code", "material_name", "material_type", "category", "unit", "storage_temp", "risk_level") VALUES ('PD0022', 'โซดา', 'DM', 'Additive', 'ขวด', '25-30 C', 'Low');
INSERT INTO "ingredient_master" ("material_code", "material_name", "material_type", "category", "unit", "storage_temp", "risk_level") VALUES ('PD0023', 'ฟอสเฟต', 'DM', 'Additive', 'กรัม', '25-30 C', 'Low');
INSERT INTO "ingredient_master" ("material_code", "material_name", "material_type", "category", "unit", "storage_temp", "risk_level") VALUES ('PD0024', 'แป้งมัน', 'DM', 'Ingredient', 'กิโลกรัม', '25-30 C', 'Medium');
INSERT INTO "ingredient_master" ("material_code", "material_name", "material_type", "category", "unit", "storage_temp", "risk_level") VALUES ('PD0025', 'วุ้นเส้น', 'DM', 'Ingredient', 'กรัม', '25-30 C', 'Medium');
INSERT INTO "ingredient_master" ("material_code", "material_name", "material_type", "category", "unit", "storage_temp", "risk_level") VALUES ('PD0026', 'ข้าวเจ้า', 'DM', 'Ingredient', 'กิโลกรัม', '25-30 C', 'Medium');
INSERT INTO "ingredient_master" ("material_code", "material_name", "material_type", "category", "unit", "storage_temp", "risk_level") VALUES ('PD0027', 'ซอสบาร์บีคิว', 'DM', 'Seasoning', 'กิโลกรัม', '25-30 C', 'Medium');
INSERT INTO "ingredient_master" ("material_code", "material_name", "material_type", "category", "unit", "storage_temp", "risk_level") VALUES ('PD0028', 'ซอสพริก', 'DM', 'Seasoning', 'กิโลกรัม', '25-30 C', 'Medium');
INSERT INTO "ingredient_master" ("material_code", "material_name", "material_type", "category", "unit", "storage_temp", "risk_level") VALUES ('PD0029', 'เบคกิ้งโซดา', 'DM', 'Additive', 'กิโลกรัม', '25-30 C', 'Low');
INSERT INTO "ingredient_master" ("material_code", "material_name", "material_type", "category", "unit", "storage_temp", "risk_level") VALUES ('PD0030', 'ผงสามเกลอ', 'DM', 'Seasoning', 'กิโลกรัม', '25-30 C', 'Medium');
INSERT INTO "ingredient_master" ("material_code", "material_name", "material_type", "category", "unit", "storage_temp", "risk_level") VALUES ('PD0031', 'พริกขี้หนูป่น', 'DM', 'Seasoning', 'กิโลกรัม', '25-30 C', 'Medium');
INSERT INTO "ingredient_master" ("material_code", "material_name", "material_type", "category", "unit", "storage_temp", "risk_level") VALUES ('PD0032', 'ผงพริกหม่าล่า', 'DM', 'Seasoning', 'กิโลกรัม', '25-30 C', 'Medium');
INSERT INTO "ingredient_master" ("material_code", "material_name", "material_type", "category", "unit", "storage_temp", "risk_level") VALUES ('PD0033', 'ผงกะหรี่', 'DM', 'Seasoning', 'กิโลกรัม', '25-30 C', 'Medium');
INSERT INTO "ingredient_master" ("material_code", "material_name", "material_type", "category", "unit", "storage_temp", "risk_level") VALUES ('PD0034', 'น้ำมันงา', 'DM', 'Seasoning', 'ลิตร', '25-30 C', 'Medium');
INSERT INTO "ingredient_master" ("material_code", "material_name", "material_type", "category", "unit", "storage_temp", "risk_level") VALUES ('PD0035', 'น้ำปลา', 'DM', 'Seasoning', 'ลิตร', '25-30 C', 'Medium');
INSERT INTO "ingredient_master" ("material_code", "material_name", "material_type", "category", "unit", "storage_temp", "risk_level") VALUES ('PD0036', 'ซอสโชยุ', 'DM', 'Seasoning', 'กรัม', '25-30 C', 'Medium');
INSERT INTO "ingredient_master" ("material_code", "material_name", "material_type", "category", "unit", "storage_temp", "risk_level") VALUES ('PD0037', 'ซอสเทอริยากิ', 'DM', 'Seasoning', 'กรัม', '25-30 C', 'Medium');
INSERT INTO "ingredient_master" ("material_code", "material_name", "material_type", "category", "unit", "storage_temp", "risk_level") VALUES ('PD0038', 'งาขาว', 'DM', 'Seasoning', 'กรัม', '25-30 C', 'Medium');

DROP TABLE IF EXISTS "packaging_master";
CREATE TABLE "packaging_master" (
    "id" INTEGER PRIMARY KEY AUTOINCREMENT,
    "material_code" TEXT,
    "material_name" TEXT,
    "unit" TEXT,
    "risk_level" TEXT
);
INSERT INTO "packaging_master" ("material_code", "material_name", "unit", "risk_level") VALUES ('PK0001', 'กล่องลูกฟูก5ชั้น ขนาด287*385*305', 'ใบ', 'Medium');
INSERT INTO "packaging_master" ("material_code", "material_name", "unit", "risk_level") VALUES ('PK0002', 'กล่องลูกฟูก5ชั้น ขนาด23*40*21.2', 'ใบ', 'Medium');
INSERT INTO "packaging_master" ("material_code", "material_name", "unit", "risk_level") VALUES ('PK0003', 'กล่องโฟม 25', 'ใบ', 'Medium');
INSERT INTO "packaging_master" ("material_code", "material_name", "unit", "risk_level") VALUES ('PK0004', 'กล่องโฟม 3 กก', 'ใบ', 'Medium');
INSERT INTO "packaging_master" ("material_code", "material_name", "unit", "risk_level") VALUES ('PK0005', 'ถุงHD A19*12(แผ่นแพ็ค)', 'กิโลกรัม', 'Low');
INSERT INTO "packaging_master" ("material_code", "material_name", "unit", "risk_level") VALUES ('PK0006', 'ถุงHD/A10*16หนา0.08มม.คู่ไม่พิมพ์โลโก้', 'กิโลกรัม', 'Low');
INSERT INTO "packaging_master" ("material_code", "material_name", "unit", "risk_level") VALUES ('PK0007', 'ถุงHD A10*16หนา พิมพ์โลโก้', 'กิโลกรัม', 'Low');
INSERT INTO "packaging_master" ("material_code", "material_name", "unit", "risk_level") VALUES ('PK0008', 'ถุงNYLON+LL 220mm*300mm ซีล 3ด้าน', 'ใบ', 'Low');
INSERT INTO "packaging_master" ("material_code", "material_name", "unit", "risk_level") VALUES ('PK0009', 'ถุงHD 11*17 พิมพ์โลโก้หมูนมสด size s', 'กิโลกรัม', 'Low');
INSERT INTO "packaging_master" ("material_code", "material_name", "unit", "risk_level") VALUES ('PK0010', 'เทปใส', 'ม้วน', 'Low');
INSERT INTO "packaging_master" ("material_code", "material_name", "unit", "risk_level") VALUES ('PK0011', 'แผ่นรองชั้น HD A7*10หนา0.08มม', 'กิโลกรัม', 'Low');
INSERT INTO "packaging_master" ("material_code", "material_name", "unit", "risk_level") VALUES ('PK0012', 'แผ่นแพ็คHD A18*23หนา0.08มม', 'กิโลกรัม', 'Low');
INSERT INTO "packaging_master" ("material_code", "material_name", "unit", "risk_level") VALUES ('PK0013', 'แผ่นHD Aสีเหลือง18*23หนา0.08มม', 'กิโลกรัม', 'Low');
INSERT INTO "packaging_master" ("material_code", "material_name", "unit", "risk_level") VALUES ('PK0014', 'แผ่นHD Aสีเขียว18*23หนา0.08มม', 'กิโลกรัม', 'Low');
INSERT INTO "packaging_master" ("material_code", "material_name", "unit", "risk_level") VALUES ('PK0015', 'แผ่นHD Aชมพู18*23หนา0.08มม', 'กิโลกรัม', 'Low');
INSERT INTO "packaging_master" ("material_code", "material_name", "unit", "risk_level") VALUES ('PK0016', 'แผ่นHD Aสีส้ม18*23หนา0.08มม', 'กิโลกรัม', 'Low');
INSERT INTO "packaging_master" ("material_code", "material_name", "unit", "risk_level") VALUES ('PK0017', 'แผ่นห่อHD A8*10หนา0.08มม', 'กิโลกรัม', 'Low');
INSERT INTO "packaging_master" ("material_code", "material_name", "unit", "risk_level") VALUES ('PK0018', 'แผ่นห่อDH A4*6หนา0.08มม', 'กิโลกรัม', 'Low');
INSERT INTO "packaging_master" ("material_code", "material_name", "unit", "risk_level") VALUES ('PK0019', 'ไม้กลม3*5', 'กิโลกรัม', 'Low');
INSERT INTO "packaging_master" ("material_code", "material_name", "unit", "risk_level") VALUES ('PK0020', 'ไม้กลม3*6', 'กิโลกรัม', 'Low');
INSERT INTO "packaging_master" ("material_code", "material_name", "unit", "risk_level") VALUES ('PK0021', 'ไม้กลม3*7', 'กิโลกรัม', 'Low');
INSERT INTO "packaging_master" ("material_code", "material_name", "unit", "risk_level") VALUES ('PK0022', 'ไม้ชายธงเบอร์6', 'ถุง', 'Low');
INSERT INTO "packaging_master" ("material_code", "material_name", "unit", "risk_level") VALUES ('PK0023', 'สติ๊กเกอร์ติดข้างกล่อง MK', 'ดวง', 'Low');
INSERT INTO "packaging_master" ("material_code", "material_name", "unit", "risk_level") VALUES ('PK0024', 'สติ๊กเกอร์ติดแพ็คเก็จจิ้ง MK', 'ดวง', 'Low');
INSERT INTO "packaging_master" ("material_code", "material_name", "unit", "risk_level") VALUES ('PK0025', 'สติ๊กเกอร์ (ข้าว)', 'ดวง', 'Low');
INSERT INTO "packaging_master" ("material_code", "material_name", "unit", "risk_level") VALUES ('PK0026', 'ถุงHD A10*16  พิมพ์ไก่พริกไทยดำ', 'กิโลกรัม', 'Low');
INSERT INTO "packaging_master" ("material_code", "material_name", "unit", "risk_level") VALUES ('PK0027', 'ถุงHD A10*16  พิมพ์ไก่แดง', 'กิโลกรัม', 'Low');
INSERT INTO "packaging_master" ("material_code", "material_name", "unit", "risk_level") VALUES ('PK0028', 'ถุงHD A10*16  พิมพ์ไก่นมสด', 'กิโลกรัม', 'Low');
INSERT INTO "packaging_master" ("material_code", "material_name", "unit", "risk_level") VALUES ('PK0029', 'ไม้กลม2.5*6', 'กิโลกรัม', 'Low');
INSERT INTO "packaging_master" ("material_code", "material_name", "unit", "risk_level") VALUES ('PK0030', 'ถุงNYLON+LL 300*400mm.*80cm ซีล 3 ด้าน', 'ใบ', 'Low');
INSERT INTO "packaging_master" ("material_code", "material_name", "unit", "risk_level") VALUES ('PK0031', 'สติ๊กเกอร์ติดข้างกล่อง หมูนมสด-GHS', 'ดวง', 'Low');
INSERT INTO "packaging_master" ("material_code", "material_name", "unit", "risk_level") VALUES ('PK0032', 'สติ๊กเกอร์ติดแพคเกจจิ้ง หมูนมสด-GHS', 'ดวง', 'Low');
INSERT INTO "packaging_master" ("material_code", "material_name", "unit", "risk_level") VALUES ('PK0033', 'สติ๊กเกอร์ติดข้างกล่อง BBQ', 'ดวง', 'Low');
INSERT INTO "packaging_master" ("material_code", "material_name", "unit", "risk_level") VALUES ('PK0034', 'สติ๊กเกอร์ติดแพคเกจจิ้ง BBQ', 'ดวง', 'Low');
INSERT INTO "packaging_master" ("material_code", "material_name", "unit", "risk_level") VALUES ('PK0036', 'ถุงNYLON+LL 220*240mm.*80mi ซีล 3 ด้าน', 'ใบ', 'Low');
INSERT INTO "packaging_master" ("material_code", "material_name", "unit", "risk_level") VALUES ('PK0037', 'ถุงNYLON+LL 205*305mm.*80mi ซีล 3 ด้าน', 'ใบ', 'Low');
INSERT INTO "packaging_master" ("material_code", "material_name", "unit", "risk_level") VALUES ('PK0038', 'กล่องลูกฟูก5ชั้น ขนาด230*400*170', 'ใบ', 'Low');
INSERT INTO "packaging_master" ("material_code", "material_name", "unit", "risk_level") VALUES ('PK0040', 'สติ๊กเกอร์ข้างกล่อง หมูปิ้งหมักสูตรโบราณ aro', 'ดวง', 'Low');
INSERT INTO "packaging_master" ("material_code", "material_name", "unit", "risk_level") VALUES ('PK0041', 'สติ๊กเกอร์ข้างกล่อง หมูสะเต๊ะพร้อมปรุงเสียบไม้ aro', 'ดวง', 'Low');
INSERT INTO "packaging_master" ("material_code", "material_name", "unit", "risk_level") VALUES ('PK0042', 'สติ๊กเกอร์ข้างกล่อง หมูปิ้งนมสดสูตรเข้มข้น aro', 'ดวง', 'Low');
INSERT INTO "packaging_master" ("material_code", "material_name", "unit", "risk_level") VALUES ('PK0043', 'สติ๊กเกอร์แพคเกจจิ้ง หมูปิ้งหมักสูตรโบราณ aro', 'ดวง', 'Low');
INSERT INTO "packaging_master" ("material_code", "material_name", "unit", "risk_level") VALUES ('PK0044', 'สติ๊กเกอร์แพคเกจจิ้ง หมูสะเต๊ะพร้อมปรุงเสียบไม้ aro', 'ดวง', 'Low');
INSERT INTO "packaging_master" ("material_code", "material_name", "unit", "risk_level") VALUES ('PK0045', 'สติ๊กเกอร์แพคเกจจิ้ง หมูปิ้งนมสดสูตรเข้มข้น aro', 'ดวง', 'Low');
INSERT INTO "packaging_master" ("material_code", "material_name", "unit", "risk_level") VALUES ('PK0046', 'ถุงHD A10*16  พิมพ์หมูแดดเดียว', 'กิโลกรัม', 'Low');
INSERT INTO "packaging_master" ("material_code", "material_name", "unit", "risk_level") VALUES ('PK0053', 'ถุงHD 11*17 (ไม่พิมพ์โลโก้)', 'กิโลกรัม', 'Low');
INSERT INTO "packaging_master" ("material_code", "material_name", "unit", "risk_level") VALUES ('PG0001', 'ถุงหูหิ้ว9*18', 'กิโลกรัม', 'Low');
INSERT INTO "packaging_master" ("material_code", "material_name", "unit", "risk_level") VALUES ('PG0002', 'ถุงหูหิ้ว12*20', 'กิโลกรัม', 'Low');
INSERT INTO "packaging_master" ("material_code", "material_name", "unit", "risk_level") VALUES ('PG0003', 'ถุงหูหิ้ว12*18', 'กิโลกรัม', 'Low');
INSERT INTO "packaging_master" ("material_code", "material_name", "unit", "risk_level") VALUES ('PG0004', 'ถุงใส6*9', 'กิโลกรัม', 'Low');
INSERT INTO "packaging_master" ("material_code", "material_name", "unit", "risk_level") VALUES ('PG0005', 'ถุงขยะดำ 24*28*20mm', 'กิโลกรัม', 'Low');
INSERT INTO "packaging_master" ("material_code", "material_name", "unit", "risk_level") VALUES ('PG0006', 'ถุงขยะสีชา', 'กิโลกรัม', 'Low');
INSERT INTO "packaging_master" ("material_code", "material_name", "unit", "risk_level") VALUES ('PG0009', 'รองเท้าบูทยางสีขาว เบอร์ 11', 'คู่', 'Low');
INSERT INTO "packaging_master" ("material_code", "material_name", "unit", "risk_level") VALUES ('PG0010', 'รองเท้าบูทสีขาว เบอร์12', 'คู่', 'Low');
INSERT INTO "packaging_master" ("material_code", "material_name", "unit", "risk_level") VALUES ('PG0011', 'เอี๋ยมน้ำเงิน', 'ผืน', 'Low');
INSERT INTO "packaging_master" ("material_code", "material_name", "unit", "risk_level") VALUES ('PG0012', 'ถุงมือยางสีน้ำเงิน/S', 'กล่อง', 'Low');
INSERT INTO "packaging_master" ("material_code", "material_name", "unit", "risk_level") VALUES ('PG0013', 'ถุงมือยางสีน้ำเงิน/M', 'กล่อง', 'Low');
INSERT INTO "packaging_master" ("material_code", "material_name", "unit", "risk_level") VALUES ('PG0014', 'ถุงมือยางสีน้ำเงิน/L', 'กล่อง', 'Low');
INSERT INTO "packaging_master" ("material_code", "material_name", "unit", "risk_level") VALUES ('PG0015', 'ถุงHD A11"x17" หนา 0.12 มม./คู่', 'กิโลกรัม', 'Low');
INSERT INTO "packaging_master" ("material_code", "material_name", "unit", "risk_level") VALUES ('PG0016', 'ถุง HD  A14"x25" หนา 0.12 มม./คู่ (สีขาว)', 'กิโลกรัม', 'Low');
INSERT INTO "packaging_master" ("material_code", "material_name", "unit", "risk_level") VALUES ('PG0018', 'ถุง HD  A14"x25" หนา 0.12 มม./คู่ (สีฟ้า)', 'กิโลกรัม', 'Low');

DROP TABLE IF EXISTS "chemical_master";
CREATE TABLE "chemical_master" (
    "id" INTEGER PRIMARY KEY AUTOINCREMENT,
    "material_code" TEXT,
    "material_name" TEXT,
    "unit" TEXT,
    "risk_level" TEXT
);
INSERT INTO "chemical_master" ("material_code", "material_name", "unit", "risk_level") VALUES ('CM - 001', 'CL - Liquid Soap ', 'Gallon', 'Medium');
INSERT INTO "chemical_master" ("material_code", "material_name", "unit", "risk_level") VALUES ('CM - 002', 'SN - คลอรีนน้ำ 10%', 'Kg ', 'Medium');
INSERT INTO "chemical_master" ("material_code", "material_name", "unit", "risk_level") VALUES ('CM - 003', 'CL - Enrich D028', 'Kg ', 'Medium');
INSERT INTO "chemical_master" ("material_code", "material_name", "unit", "risk_level") VALUES ('CM - 004', 'SN - ALCOHOL 75%', 'L', 'Medium');
INSERT INTO "chemical_master" ("material_code", "material_name", "unit", "risk_level") VALUES ('CM - 006', 'SN - QAC (Q-San M)', 'Kg ', 'Medium');
INSERT INTO "chemical_master" ("material_code", "material_name", "unit", "risk_level") VALUES ('CM - 007', 'CL - NEXGEN MP-1000', 'Kg ', 'Medium');

DROP TABLE IF EXISTS "finished_goods_master";
CREATE TABLE "finished_goods_master" (
    "id" INTEGER PRIMARY KEY AUTOINCREMENT,
    "fg_code" TEXT,
    "fg_name" TEXT,
    "product_type" TEXT,
    "storage_temp_c" TEXT,
    "shelf_life_days" INTEGER,
    "min_weight_g" INTEGER,
    "max_weight_g" INTEGER,
    "min_weight_g_pack" INTEGER,
    "max_weight_g_pack" INTEGER
);
INSERT INTO "finished_goods_master" ("fg_code", "fg_name", "product_type", "storage_temp_c", "shelf_life_days", "min_weight_g", "max_weight_g", "min_weight_g_pack", "max_weight_g_pack") VALUES ('FG - ม002', 'หมูปิ้งนมสดเสียบไม้ - Size L', 'Pork Marinated', -18, 365, 50, 52, 2500, 2600);
INSERT INTO "finished_goods_master" ("fg_code", "fg_name", "product_type", "storage_temp_c", "shelf_life_days", "min_weight_g", "max_weight_g", "min_weight_g_pack", "max_weight_g_pack") VALUES ('FG - ม003', 'หมูปิ้งนมสดเสียบไม้ - Size S', 'Pork Marinated', -18, 365, 25, 26, 2500, 2600);
INSERT INTO "finished_goods_master" ("fg_code", "fg_name", "product_type", "storage_temp_c", "shelf_life_days", "min_weight_g", "max_weight_g", "min_weight_g_pack", "max_weight_g_pack") VALUES ('FG - ม004', 'หมูปิ้งนมสดเสียบไม้ - พาย', 'Pork Marinated', -18, 365, 50, 52, 2500, 2600);
INSERT INTO "finished_goods_master" ("fg_code", "fg_name", "product_type", "storage_temp_c", "shelf_life_days", "min_weight_g", "max_weight_g", "min_weight_g_pack", "max_weight_g_pack") VALUES ('FG - ม005', 'หมูปิ้งนมสดเสียบไม้ Size L พร้อมทาน', 'Pork Marinated', -18, 365, 45, 46, 2500, 2600);
INSERT INTO "finished_goods_master" ("fg_code", "fg_name", "product_type", "storage_temp_c", "shelf_life_days", "min_weight_g", "max_weight_g", "min_weight_g_pack", "max_weight_g_pack") VALUES ('FG - ม006', 'หมูปิ้งนมสดแช่แข็ง 25 ก x 40 ไม้ x 20 แพ็ก / ลัง (MK)', 'Pork Marinated', -18, 365, 25, 26, 950, 1050);
INSERT INTO "finished_goods_master" ("fg_code", "fg_name", "product_type", "storage_temp_c", "shelf_life_days", "min_weight_g", "max_weight_g", "min_weight_g_pack", "max_weight_g_pack") VALUES ('FG - ม007', 'หมูปิ้งนมสดแช่แข็ง 45 ก x 40 ไม้ x 10 แพ็ก / ลัง (GHS)', 'Pork Marinated', -18, 365, 45, 46, 1800, 1850);
INSERT INTO "finished_goods_master" ("fg_code", "fg_name", "product_type", "storage_temp_c", "shelf_life_days", "min_weight_g", "max_weight_g", "min_weight_g_pack", "max_weight_g_pack") VALUES ('FG - ม008', 'GHS หมูปิ้งนมสดฉลากขาว 45ก.x40ไม้x10 แพ็ก', 'Pork Marinated', -18, 365, 45, 46, 1800, 1850);
INSERT INTO "finished_goods_master" ("fg_code", "fg_name", "product_type", "storage_temp_c", "shelf_life_days", "min_weight_g", "max_weight_g", "min_weight_g_pack", "max_weight_g_pack") VALUES ('FG - ม010', 'หมูแดดเดียว', 'Pork Marinated', -18, 365, 35, 37, NULL, NULL);
INSERT INTO "finished_goods_master" ("fg_code", "fg_name", "product_type", "storage_temp_c", "shelf_life_days", "min_weight_g", "max_weight_g", "min_weight_g_pack", "max_weight_g_pack") VALUES ('FG - ม011', 'หมูปิ้งโบราณ Size L', 'Pork Marinated', -18, 365, NULL, NULL, NULL, NULL);
INSERT INTO "finished_goods_master" ("fg_code", "fg_name", "product_type", "storage_temp_c", "shelf_life_days", "min_weight_g", "max_weight_g", "min_weight_g_pack", "max_weight_g_pack") VALUES ('FG - ม013', 'หมูปิ้งโบราณ Size S', 'Pork Marinated', -18, 365, NULL, NULL, NULL, NULL);
INSERT INTO "finished_goods_master" ("fg_code", "fg_name", "product_type", "storage_temp_c", "shelf_life_days", "min_weight_g", "max_weight_g", "min_weight_g_pack", "max_weight_g_pack") VALUES ('FG - ม014', 'หมูปิ้งโบราณแช่แข็ง 16 ก x 40 ไม้ x 24 แพ็ก / ลัง (MK)', 'Pork Marinated', -18, 365, NULL, NULL, NULL, NULL);
INSERT INTO "finished_goods_master" ("fg_code", "fg_name", "product_type", "storage_temp_c", "shelf_life_days", "min_weight_g", "max_weight_g", "min_weight_g_pack", "max_weight_g_pack") VALUES ('FG - ม024', 'หมูหมักบาร์บีคิวเสียบไม้แช่แข็ง 50 ก x 30 ไม้', 'Pork Marinated', -18, 365, NULL, NULL, NULL, NULL);
INSERT INTO "finished_goods_master" ("fg_code", "fg_name", "product_type", "storage_temp_c", "shelf_life_days", "min_weight_g", "max_weight_g", "min_weight_g_pack", "max_weight_g_pack") VALUES ('FG - ม025', 'หมูปิ้งโบราณแช่แข็ง 16 ก x 50 ไม้ ( สูตร 2 )', 'Pork Marinated', -18, 365, NULL, NULL, NULL, NULL);
INSERT INTO "finished_goods_master" ("fg_code", "fg_name", "product_type", "storage_temp_c", "shelf_life_days", "min_weight_g", "max_weight_g", "min_weight_g_pack", "max_weight_g_pack") VALUES ('FG - ม026', 'หมูสะเต๊ะแช่แข็ง 13 ก x 50 ไม้', 'Pork Marinated', -18, 365, NULL, NULL, NULL, NULL);
INSERT INTO "finished_goods_master" ("fg_code", "fg_name", "product_type", "storage_temp_c", "shelf_life_days", "min_weight_g", "max_weight_g", "min_weight_g_pack", "max_weight_g_pack") VALUES ('FG - ม027', 'หมูหม่าล่าแช่แข็ง 16 ก x 50 ไม้', 'Pork Marinated', -18, 365, NULL, NULL, NULL, NULL);
INSERT INTO "finished_goods_master" ("fg_code", "fg_name", "product_type", "storage_temp_c", "shelf_life_days", "min_weight_g", "max_weight_g", "min_weight_g_pack", "max_weight_g_pack") VALUES ('FG - ม028', 'Repack หมูสะเต๊ะแช่แข็ง 30 ก x 50 ไม้', 'Pork Marinated', -18, 365, NULL, NULL, NULL, NULL);
INSERT INTO "finished_goods_master" ("fg_code", "fg_name", "product_type", "storage_temp_c", "shelf_life_days", "min_weight_g", "max_weight_g", "min_weight_g_pack", "max_weight_g_pack") VALUES ('FG - ม029', 'Repack หมูหม่าล่าแช่แข็ง 24 ก x 50 ไม้', 'Pork Marinated', -18, 365, NULL, NULL, NULL, NULL);
INSERT INTO "finished_goods_master" ("fg_code", "fg_name", "product_type", "storage_temp_c", "shelf_life_days", "min_weight_g", "max_weight_g", "min_weight_g_pack", "max_weight_g_pack") VALUES ('FG - ล001', 'ลูกชิ้นหมู', 'Meat Ball', -18, 365, NULL, NULL, 2000, 2200);
INSERT INTO "finished_goods_master" ("fg_code", "fg_name", "product_type", "storage_temp_c", "shelf_life_days", "min_weight_g", "max_weight_g", "min_weight_g_pack", "max_weight_g_pack") VALUES ('FG - ล003', 'ลูกชิ้นเอ็นหมู', 'Meat Ball', -18, 365, NULL, NULL, 2000, 2200);
INSERT INTO "finished_goods_master" ("fg_code", "fg_name", "product_type", "storage_temp_c", "shelf_life_days", "min_weight_g", "max_weight_g", "min_weight_g_pack", "max_weight_g_pack") VALUES ('FG - ส001', 'ไส้กรอกวุ้นเส้น', 'Esan Sausage', -18, 365, NULL, NULL, NULL, NULL);
INSERT INTO "finished_goods_master" ("fg_code", "fg_name", "product_type", "storage_temp_c", "shelf_life_days", "min_weight_g", "max_weight_g", "min_weight_g_pack", "max_weight_g_pack") VALUES ('FG - ส002', 'ไส้กรอกดั้งเดิม', 'Esan Sausage', -18, 365, NULL, NULL, NULL, NULL);
INSERT INTO "finished_goods_master" ("fg_code", "fg_name", "product_type", "storage_temp_c", "shelf_life_days", "min_weight_g", "max_weight_g", "min_weight_g_pack", "max_weight_g_pack") VALUES ('FG - ส003', 'ไส้กรอกเปรี้ยว', 'Esan Sausage', -18, 365, NULL, NULL, NULL, NULL);
INSERT INTO "finished_goods_master" ("fg_code", "fg_name", "product_type", "storage_temp_c", "shelf_life_days", "min_weight_g", "max_weight_g", "min_weight_g_pack", "max_weight_g_pack") VALUES ('FG - ก001', 'ไก่แดงโบราณ', 'Chicken Marinated', -18, 365, NULL, NULL, NULL, NULL);
INSERT INTO "finished_goods_master" ("fg_code", "fg_name", "product_type", "storage_temp_c", "shelf_life_days", "min_weight_g", "max_weight_g", "min_weight_g_pack", "max_weight_g_pack") VALUES ('FG - ก001 MPS', 'ไก่พริกไทยดำเสียบไม้ แพ็กละ10ไม้', 'Chicken Marinated', -18, 365, NULL, NULL, NULL, NULL);
INSERT INTO "finished_goods_master" ("fg_code", "fg_name", "product_type", "storage_temp_c", "shelf_life_days", "min_weight_g", "max_weight_g", "min_weight_g_pack", "max_weight_g_pack") VALUES ('FG - ก002', 'ไก่พริกไทยดำ', 'Chicken Marinated', -18, 365, 50, 52, 2500, 2600);
INSERT INTO "finished_goods_master" ("fg_code", "fg_name", "product_type", "storage_temp_c", "shelf_life_days", "min_weight_g", "max_weight_g", "min_weight_g_pack", "max_weight_g_pack") VALUES ('FG - ก003', 'ไก่ปิ้งนมสด', 'Chicken Marinated', -18, 365, 50, 52, 2500, 2600);
INSERT INTO "finished_goods_master" ("fg_code", "fg_name", "product_type", "storage_temp_c", "shelf_life_days", "min_weight_g", "max_weight_g", "min_weight_g_pack", "max_weight_g_pack") VALUES ('FG - ก004', 'ไก่เทอริยากิ 55 ก x 50 ไม้', 'Chicken Marinated', -18, 365, 50, 52, 2500, 2600);
INSERT INTO "finished_goods_master" ("fg_code", "fg_name", "product_type", "storage_temp_c", "shelf_life_days", "min_weight_g", "max_weight_g", "min_weight_g_pack", "max_weight_g_pack") VALUES ('FG - ก005', 'ไก่หม่าล่า 55 ก x 50 ไม้', 'Chicken Marinated', -18, 365, 50, 52, 2500, 2600);
INSERT INTO "finished_goods_master" ("fg_code", "fg_name", "product_type", "storage_temp_c", "shelf_life_days", "min_weight_g", "max_weight_g", "min_weight_g_pack", "max_weight_g_pack") VALUES ('FG - ก006', 'ไก่บาร์บีคิว 55 ก x 40 ไม้', 'Chicken Marinated', -18, 365, 50, 52, 2500, 2600);
INSERT INTO "finished_goods_master" ("fg_code", "fg_name", "product_type", "storage_temp_c", "shelf_life_days", "min_weight_g", "max_weight_g", "min_weight_g_pack", "max_weight_g_pack") VALUES ('FG - ข001', 'ข้าวเหนียว', 'Rice', 'Ambient', 270, 5000, 5000, 5000, 5000);
INSERT INTO "finished_goods_master" ("fg_code", "fg_name", "product_type", "storage_temp_c", "shelf_life_days", "min_weight_g", "max_weight_g", "min_weight_g_pack", "max_weight_g_pack") VALUES ('FG - ม002 Tops', 'Tops หมูปิ้งนมสดพร้อมทาน', 'Pork Marinated', -18, 365, 410, 450, 410, 450);
INSERT INTO "finished_goods_master" ("fg_code", "fg_name", "product_type", "storage_temp_c", "shelf_life_days", "min_weight_g", "max_weight_g", "min_weight_g_pack", "max_weight_g_pack") VALUES ('FG - ก001 Tops', 'Tops ไก่แดงโบราณพร้อมทาน', 'Chicken Marinated', -18, 365, 410, 450, 410, 450);

DROP TABLE IF EXISTS "process_master";
CREATE TABLE "process_master" (
    "id" INTEGER PRIMARY KEY AUTOINCREMENT,
    "process_id" TEXT,
    "process_name" TEXT,
    "รายละเอ_ยด" TEXT,
    "พ_นท_ปฏ_บ_ต_งาน" TEXT
);
INSERT INTO "process_master" ("process_id", "process_name", "รายละเอ_ยด", "พ_นท_ปฏ_บ_ต_งาน") VALUES ('PC0001', 'การรับเข้าวัตถุดิบ', 'จุดตรวจสอบและรับเนื้อหมู เครื่องปรุง หรือบรรจุภัณฑ์', 'จุดรับวัตถุดิบ RM, DM, PM, CM');
INSERT INTO "process_master" ("process_id", "process_name", "รายละเอ_ยด", "พ_นท_ปฏ_บ_ต_งาน") VALUES ('PC0002', 'การจัดเก็บวัตถุดิบ', 'การเก็บรักษาวัตถุดิบก่อนเบิกไปใช้ (เช่น ห้องเย็น)', 'ห้องแช่เย็น จัดเก็บ RM');
INSERT INTO "process_master" ("process_id", "process_name", "รายละเอ_ยด", "พ_นท_ปฏ_บ_ต_งาน") VALUES ('PC0003', 'การตัดและตกแต่ง', 'การหั่นเนื้อหมู เลาะพังผืด หรือตัดแต่งขนาด', 'จุุดตัดแต่ง ห้องผลิต');
INSERT INTO "process_master" ("process_id", "process_name", "รายละเอ_ยด", "พ_นท_ปฏ_บ_ต_งาน") VALUES ('PC0004', 'การชั่งน้ำหนักส่วนผสมตามสูตร', 'การชั่งตวงส่วนผสมให้ได้สัดส่วนตามสูตร (Recipe)', 'ห้องชั่งสาร');
INSERT INTO "process_master" ("process_id", "process_name", "รายละเอ_ยด", "พ_นท_ปฏ_บ_ต_งาน") VALUES ('PC0005', 'การลดขนาดวัตถุดิบ ครั้งที่ 1 ', 'การลดขนาดวัตถุดิบให้มีชิ้นเล็กลงตามขนาดของตัวเครื่องและใบมีด', 'ห้องผลิิต');
INSERT INTO "process_master" ("process_id", "process_name", "รายละเอ_ยด", "พ_นท_ปฏ_บ_ต_งาน") VALUES ('PC0006', 'การลดขนาดวัตถุดิบ ครั้งที่ 2', 'การลดขนาดวัตถุดิบให้มีชิ้นเล็กลงตามขนาดของตัวเครื่องและใบมีด', 'ห้องผลิิต');
INSERT INTO "process_master" ("process_id", "process_name", "รายละเอ_ยด", "พ_นท_ปฏ_บ_ต_งาน") VALUES ('PC0007', 'การลดขนาดวัตถุดิบ ครั้งที่ 3', 'การลดขนาดวัตถุดิบให้มีชิ้นเล็กลงตามขนาดของตัวเครื่องและใบมีด', 'ห้องผลิิต');
INSERT INTO "process_master" ("process_id", "process_name", "รายละเอ_ยด", "พ_นท_ปฏ_บ_ต_งาน") VALUES ('PC0008', 'การผสมและการหมัก', 'การคลุกเคล้าเนื้อหมูกับเครื่องปรุงและหมักทิ้งไว้', 'ห้องผลิต');
INSERT INTO "process_master" ("process_id", "process_name", "รายละเอ_ยด", "พ_นท_ปฏ_บ_ต_งาน") VALUES ('PC0009', 'การเสียบไม้และขึ้นรูป', 'การนำเนื้อหมูมาเสียบไม้และจัดทรงให้ได้มาตรฐาน', 'ห้องผลิต');
INSERT INTO "process_master" ("process_id", "process_name", "รายละเอ_ยด", "พ_นท_ปฏ_บ_ต_งาน") VALUES ('PC0010', 'การให้ความร้อนวัตถุดิบ (สุก)', 'กระบวนการให้ความร้อน (หากเป็นสินค้าแบบปรุงสุก)', 'ห้องผลิต (ไลน์สุก)');
INSERT INTO "process_master" ("process_id", "process_name", "รายละเอ_ยด", "พ_นท_ปฏ_บ_ต_งาน") VALUES ('PC0011', 'การลดอุณหภูมิ', 'การพักสินค้าให้เย็นลงก่อนนำไปแพ็คหรือแช่แข็ง', 'ห้องผลิต');
INSERT INTO "process_master" ("process_id", "process_name", "รายละเอ_ยด", "พ_นท_ปฏ_บ_ต_งาน") VALUES ('PC0012', 'การตรวจจับโลหะ', 'จุดตรวจสอบหาสิ่งเจือปนที่เป็นโลหะ (จุด CCP ที่สำคัญ)', 'ห้องผลิต');
INSERT INTO "process_master" ("process_id", "process_name", "รายละเอ_ยด", "พ_นท_ปฏ_บ_ต_งาน") VALUES ('PC0013', 'การบรรจุ/ซีล/ติดฉลาก', 'การนำสินค้าลงถุง ซีลปิดปากถุง และติดฉลาก', 'ห้องบรรจุ แพ็กสินค้า');
INSERT INTO "process_master" ("process_id", "process_name", "รายละเอ_ยด", "พ_นท_ปฏ_บ_ต_งาน") VALUES ('PC0014', 'การแช่แข็ง', 'การนำสินค้าเข้าอุโมงค์ลมเย็น (Air Blast) เพื่อแช่แข็ง', 'ห้องแช่เยือกแข็ง แบบรวดเร็ว');
INSERT INTO "process_master" ("process_id", "process_name", "รายละเอ_ยด", "พ_นท_ปฏ_บ_ต_งาน") VALUES ('PC0015', 'การจัดเก็บสินค้าแช่แข็ง', 'การเก็บสินค้าสำเร็จรูปในห้องจัดเก็บอุณหภูมิ ≤-18°C', 'ห้องแช่เยือกแข็็ง จัดเก็บ FG');
INSERT INTO "process_master" ("process_id", "process_name", "รายละเอ_ยด", "พ_นท_ปฏ_บ_ต_งาน") VALUES ('PC0016', 'การจ่ายสินค้า/การจัดส่ง', 'การโหลดสินค้าขึ้นรถเพื่อกระจายไปยังลูกค้า', 'จุดโหลดสินค้า');
INSERT INTO "process_master" ("process_id", "process_name", "รายละเอ_ยด", "พ_นท_ปฏ_บ_ต_งาน") VALUES ('PC0017', 'การทดลองเดินเครื่อง/ทดลองผลิต', 'การทดสอบระบบหรือผลิตสินค้านำร่องก่อนผลิตจริง ประจำวัน', 'ห้องผลิต');
INSERT INTO "process_master" ("process_id", "process_name", "รายละเอ_ยด", "พ_นท_ปฏ_บ_ต_งาน") VALUES ('PC0018', 'การทดสอบชิมผลิตภัณฑ์', 'การนำผลิตภัณฑ์มาทดสอบชิม', NULL);
INSERT INTO "process_master" ("process_id", "process_name", "รายละเอ_ยด", "พ_นท_ปฏ_บ_ต_งาน") VALUES ('PC0019', 'การตรวจสอบเชื้อจุลินทรีย์ก่อโรค', NULL, NULL);
INSERT INTO "process_master" ("process_id", "process_name", "รายละเอ_ยด", "พ_นท_ปฏ_บ_ต_งาน") VALUES ('PC0020', 'การตรวจวัดคุณภาพน้ำ', NULL, NULL);
INSERT INTO "process_master" ("process_id", "process_name", "รายละเอ_ยด", "พ_นท_ปฏ_บ_ต_งาน") VALUES ('PC0021', 'การตรวจวััดความเข้มข้นสารละลาย', NULL, NULL);

DROP TABLE IF EXISTS "parameter_master";
CREATE TABLE "parameter_master" (
    "id" INTEGER PRIMARY KEY AUTOINCREMENT,
    "parameter_id" TEXT,
    "parameter" TEXT,
    "parameter_2" TEXT,
    "parameter_category" TEXT,
    "spec" TEXT,
    "หน_วย" TEXT
);
INSERT INTO "parameter_master" ("parameter_id", "parameter", "parameter_2", "parameter_category", "spec", "หน_วย") VALUES ('PR0001', 'อุณหภูมิรถขนส่ง (เฉพาะกลุ่ม RM)', 'อุณหภูมิของรถขนส่งวัตถุดิบ ณ จุดที่ตรวจ', 'Temperature', '0 - 4', '°C');
INSERT INTO "parameter_master" ("parameter_id", "parameter", "parameter_2", "parameter_category", "spec", "หน_วย") VALUES ('PR0002', 'ค่า pH รับเข้าเนื้อสัตว์', 'ค่า pH รัับเข้าของวัตถุดิบ', 'Quality', '5.5 - 5.8', ' -');
INSERT INTO "parameter_master" ("parameter_id", "parameter", "parameter_2", "parameter_category", "spec", "หน_วย") VALUES ('PR0003', 'อุณหภูมิแกนกลางวัตถุดิบ FG (สุุก)', 'อุณหภูมิจุดกึ่งกลางของชิ้นสินค้า ', 'Temperature', '≥ 75 ', '°C');
INSERT INTO "parameter_master" ("parameter_id", "parameter", "parameter_2", "parameter_category", "spec", "หน_วย") VALUES ('PR0004', 'อุณหภูมิแกนกลางวัตถุดิบ RM', 'อุณหภูมิจุดกึ่งกลางของชิ้นสินค้า ', 'Temperature', '0 - 7', '°C');
INSERT INTO "parameter_master" ("parameter_id", "parameter", "parameter_2", "parameter_category", "spec", "หน_วย") VALUES ('PR0005', 'อุณหภูมิห้องผลิต', 'อุณหภูมิของพื้นที่ปฏิบัติงาน (เช่น ห้องผลิต, ห้องบรรจุ)', 'Temperature', '≤ 12', '°C');
INSERT INTO "parameter_master" ("parameter_id", "parameter", "parameter_2", "parameter_category", "spec", "หน_วย") VALUES ('PR0006', 'อุณหภูมิห้องแช่เย็น', 'อุณหภูมิของตู้จัดเก็บหรือห้องแช่เย็น', 'Temperature', '(-4) - 4', '°C');
INSERT INTO "parameter_master" ("parameter_id", "parameter", "parameter_2", "parameter_category", "spec", "หน_วย") VALUES ('PR0007', 'อุณหภูมิห้องแช่แข็ง', 'อุณหภูมิของตู้จัดเก็บหรือห้องแช่่เยือกแข็ง', 'Temperature', '≤ -18', '°C');
INSERT INTO "parameter_master" ("parameter_id", "parameter", "parameter_2", "parameter_category", "spec", "หน_วย") VALUES ('PR0008', 'ตรวจจับโลหะ (เหล็ก)', 'เครื่องตรวจจับโลหะประเภท Ferrous (โลหะที่มีสารแม่เหล็ก/เหล็ก)', 'Food Safety', 'ø 1.0 ', 'มิลลิเมตร');
INSERT INTO "parameter_master" ("parameter_id", "parameter", "parameter_2", "parameter_category", "spec", "หน_วย") VALUES ('PR0009', 'ตรวจจับโลหะ (อลูมิเนียม ทองแดง ทองเหลือง)', 'เครื่องตรวจจับโลหะประเภท Non-Ferrous (เช่น อลูมิเนียม, ทองแดง, ทองเหลือง)', 'Food Safety', 'ø 1.5 ', 'มิลลิเมตร');
INSERT INTO "parameter_master" ("parameter_id", "parameter", "parameter_2", "parameter_category", "spec", "หน_วย") VALUES ('PR0010', 'ตรวจจับโลหะ (สแตนเลส)', 'เครื่องตรวจจับโลหะประเภท Stainless Steel (สแตนเลส)', 'Food Safety', 'ø 2.0 ', 'มิลลิเมตร');
INSERT INTO "parameter_master" ("parameter_id", "parameter", "parameter_2", "parameter_category", "spec", "หน_วย") VALUES ('PR0011', 'ขนาดของวัตถุดิบ (ใบมีดใหญ่)', 'ขนาดของวัตถุดิบหลังผ่านเครื่องสไลด์', 'Quality', 'ø 24.5 - 25.0', 'มิลลิเมตร');
INSERT INTO "parameter_master" ("parameter_id", "parameter", "parameter_2", "parameter_category", "spec", "หน_วย") VALUES ('PR0012', 'ขนาดของวัตถุดิบ (ใบมีดเล็ก)', 'ขนาดของวัตถุดิบหลังผ่านเครื่องสไลด์', 'Quality', 'ø 2.2 - 2.5', 'มิลลิเมตร');
INSERT INTO "parameter_master" ("parameter_id", "parameter", "parameter_2", "parameter_category", "spec", "หน_วย") VALUES ('PR0013', 'น้ำหนัก/ไม้', 'ความคลาดเคลื่อนของน้ำหนัก (เช่น น้ำหนักรายชิ้น)', 'Weight', 'within tolerance', 'กรัม ');
INSERT INTO "parameter_master" ("parameter_id", "parameter", "parameter_2", "parameter_category", "spec", "หน_วย") VALUES ('PR0014', 'น้ำหนักสุทธิ / รวม', 'น้ำหนักรวมของสินค้าในบรรจุภัณฑ์ ', 'Weight', 'within tolerance', 'กรัม ');
INSERT INTO "parameter_master" ("parameter_id", "parameter", "parameter_2", "parameter_category", "spec", "หน_วย") VALUES ('PR0015', 'จำนวนไม้', 'จำนวนไม้ของสินค้าในบรรจุภัณฑ์', 'Visual', 'อ้างอิง Spec. ผลิตภัณฑ์', ' -');
INSERT INTO "parameter_master" ("parameter_id", "parameter", "parameter_2", "parameter_category", "spec", "หน_วย") VALUES ('PR0016', 'ลักษณะปรากฏ', 'รูปลักษณ์ หรือสิ่งที่ปรากฎภายนอกโดยรวม ', 'Quality', 'ปกติ', ' -');
INSERT INTO "parameter_master" ("parameter_id", "parameter", "parameter_2", "parameter_category", "spec", "หน_วย") VALUES ('PR0017', 'สิ่งแปลกปลอม (เส้นผม พลาสติก แมลง)', 'สิ่งเจือปนที่ไม่อนุญาตให้มี (เช่น เส้นผม, พลาสติก, แมลง)', 'Quality', 'ไม่พบสิ่งแปลกปลอม', ' -');
INSERT INTO "parameter_master" ("parameter_id", "parameter", "parameter_2", "parameter_category", "spec", "หน_วย") VALUES ('PR0018', 'Physical check (สี , กลิ่น , เนื้อสัมผัส)', 'สี กลิ่น เนื้อสัมผัสของผลิตภัณฑ์ต้องตรงตามมาตรฐานที่กำหนด', 'Quality', 'ตรงตามมาตรฐาน', ' -');
INSERT INTO "parameter_master" ("parameter_id", "parameter", "parameter_2", "parameter_category", "spec", "หน_วย") VALUES ('PR0019', 'ความสมบูรณ์ของรอยซีล', 'ไม่มีความเสียหาย ไม่รั่วซึม รอยซีลสมบูรณ์', 'Visual', 'ไม่เสียหาย / ไม่รั่วซึม', ' -');
INSERT INTO "parameter_master" ("parameter_id", "parameter", "parameter_2", "parameter_category", "spec", "หน_วย") VALUES ('PR0020', 'ฉลาก และสติ๊กเกอร์', 'ถูกต้อง ครบถ้วน อ่านได้ชัดเจน', 'Visual', 'ข้อมูลถูกต้อง / ชัดเจน', ' -');
INSERT INTO "parameter_master" ("parameter_id", "parameter", "parameter_2", "parameter_category", "spec", "หน_วย") VALUES ('PR0021', 'เอกสาร', 'ถูกต้อง ครบถ้วน ณ วันส่งมอบ', 'Process', 'ข้อมูลถูกต้อง ครบถ้วน', ' -');
INSERT INTO "parameter_master" ("parameter_id", "parameter", "parameter_2", "parameter_category", "spec", "หน_วย") VALUES ('PR0022', 'เวลาในการทำให้อาหารสุก', 'ระยะเวลาในการให้ความร้อน ', 'Process', 'อ้างอิง QP', ' -');
INSERT INTO "parameter_master" ("parameter_id", "parameter", "parameter_2", "parameter_category", "spec", "หน_วย") VALUES ('PR0023', 'ค่า pH ตรวจวัดคุณภาพน้ำ', NULL, 'Food Safety', '6.5 - 8.5', NULL);
INSERT INTO "parameter_master" ("parameter_id", "parameter", "parameter_2", "parameter_category", "spec", "หน_วย") VALUES ('PR0024', 'ค่าคลอรีนอิสระ', NULL, 'Food Safety', '0.2 - 0.5', 'ppm.');
INSERT INTO "parameter_master" ("parameter_id", "parameter", "parameter_2", "parameter_category", "spec", "หน_วย") VALUES ('PR0025', 'ตรวจวัด Coliform', NULL, NULL, 'NotDetect', NULL);
INSERT INTO "parameter_master" ("parameter_id", "parameter", "parameter_2", "parameter_category", "spec", "หน_วย") VALUES ('PR0026', 'ความเข้มข้นสารละลาย QAC', NULL, NULL, 200, 'ppm.');
INSERT INTO "parameter_master" ("parameter_id", "parameter", "parameter_2", "parameter_category", "spec", "หน_วย") VALUES ('PR0027', 'ความเข้มข้นสารละลาย คลอรีน', NULL, NULL, 200, 'ppm.');
INSERT INTO "parameter_master" ("parameter_id", "parameter", "parameter_2", "parameter_category", "spec", "หน_วย") VALUES ('PR0028', 'อุณหภูมิรถขนส่ง (จุดโหลดสินค้า)', NULL, NULL, '≤ -18', '°C');

DROP TABLE IF EXISTS "equipment_master";
CREATE TABLE "equipment_master" (
    "id" INTEGER PRIMARY KEY AUTOINCREMENT,
    "equipment_id" TEXT,
    "equipment_name" TEXT,
    "equipment_type" TEXT,
    "การนำไปใช_งาน_ว_ดอะไร" TEXT
);
INSERT INTO "equipment_master" ("equipment_id", "equipment_name", "equipment_type", "การนำไปใช_งาน_ว_ดอะไร") VALUES ('MDB001', 'เครื่องชั่งดิจิตอล พิกัด 6 กิโลกรัม (ห้องเครื่องเสียบ)', 'Measuring', 'ชั่งน้ำหนักผลิตภัณฑ์  (น้ำหนัก / ไม้ , น้ำหนักรวม)');
INSERT INTO "equipment_master" ("equipment_id", "equipment_name", "equipment_type", "การนำไปใช_งาน_ว_ดอะไร") VALUES ('MDB002', 'เครื่องชั่งดิจิตอล พิกัด 6 กิโลกรัม (ห้องเสียบมือ)', 'Measuring', 'ชั่งน้ำหนักผลิตภัณฑ์  (น้ำหนัก / ไม้ , น้ำหนักรวม)');
INSERT INTO "equipment_master" ("equipment_id", "equipment_name", "equipment_type", "การนำไปใช_งาน_ว_ดอะไร") VALUES ('MDB003', 'เครื่องชั่งดิจิตอล พิกัด 15 กิโลกรัม (ห้องชั่งสาร)', 'Measuring', 'ชั่งน้ำหนักส่วนผสม กลุ่ม DM');
INSERT INTO "equipment_master" ("equipment_id", "equipment_name", "equipment_type", "การนำไปใช_งาน_ว_ดอะไร") VALUES ('MDB004', 'เครื่องชั่งดิจิตอล พิกัด 15 กิโลกรัม (ห้องเครื่องเสียบ)', 'Measuring', 'ชั่งน้ำหนักผลิตภัณฑ์  (น้ำหนัก / ไม้ , น้ำหนักรวม)');
INSERT INTO "equipment_master" ("equipment_id", "equipment_name", "equipment_type", "การนำไปใช_งาน_ว_ดอะไร") VALUES ('MDB006', 'เครื่องชั่งดิจิตอล พิกัด 100 กิโลกรัม (จุดเตรียมวัตถุดิบ)', 'Measuring', 'ชั่งน้ำหนักวัตถุดิบ (ก่อนลดขนาด และแบ่งบรรจุถุง)');
INSERT INTO "equipment_master" ("equipment_id", "equipment_name", "equipment_type", "การนำไปใช_งาน_ว_ดอะไร") VALUES ('MDB007', 'เครื่องชั่งดิจิตอล พิกัด 15 กิโลกรัม (แผนกคุณภาพ)', 'Measuring', 'สุ่มชั่งตลอดกระบวนการผลิต - QA/QC');
INSERT INTO "equipment_master" ("equipment_id", "equipment_name", "equipment_type", "การนำไปใช_งาน_ว_ดอะไร") VALUES ('MDB008', 'เครื่องชั่งดิจิตอล พิกัด 15 กิโลกรัม (ห้องเสียบมือ)', 'Measuring', 'ชั่งน้ำหนักผลิตภัณฑ์  (น้ำหนัก / ไม้ , น้ำหนักรวม)');
INSERT INTO "equipment_master" ("equipment_id", "equipment_name", "equipment_type", "การนำไปใช_งาน_ว_ดอะไร") VALUES ('MDB009', 'เครื่องชั่งดิจิตอล พิกัด 150 กิโลกรัม (ห้องหมัก - ผสม)', 'Measuring', 'ชั่งน้ำหนักวัตถุดิบ (ก่อนลดขนาด และแบ่งบรรจุถุง)');
INSERT INTO "equipment_master" ("equipment_id", "equipment_name", "equipment_type", "การนำไปใช_งาน_ว_ดอะไร") VALUES ('MDB010', 'เครื่องชั่งดิจิตอล พิกัด 150 กิโลกรัม (จุดรับวัตถุดิบ RM)', 'Measuring', 'ชั่งน้ำหนักวัตถุดิบ กลุ่ม RM ');
INSERT INTO "equipment_master" ("equipment_id", "equipment_name", "equipment_type", "การนำไปใช_งาน_ว_ดอะไร") VALUES ('MTC001', 'ห้องแช่เย็นควบคุมอุณหภูมิ (ห้อง RM)', 'Measuring', 'ห้องจัดเก็บวัตถุดิบกลุ่ม RM');
INSERT INTO "equipment_master" ("equipment_id", "equipment_name", "equipment_type", "การนำไปใช_งาน_ว_ดอะไร") VALUES ('MTC002', 'ห้องปฏิบัติงานควบคุมอุณหภูมิ (ห้องชั่งสาร)', 'Measuring', 'ห้องปฏิบัติงาน');
INSERT INTO "equipment_master" ("equipment_id", "equipment_name", "equipment_type", "การนำไปใช_งาน_ว_ดอะไร") VALUES ('MTC003', 'ห้องแช่เย็นควบคุมอุณหภูมิ (ห้องพักหมูหมัก)', 'Measuring', 'ห้องจัดเก็บหมูหมักบรรจุถุง');
INSERT INTO "equipment_master" ("equipment_id", "equipment_name", "equipment_type", "การนำไปใช_งาน_ว_ดอะไร") VALUES ('MTC004', 'ห้องปฏิบัติงานควบคุมอุณหภูมิ (ห้องผลิต)', 'Measuring', 'ห้องปฏิบัติงาน');
INSERT INTO "equipment_master" ("equipment_id", "equipment_name", "equipment_type", "การนำไปใช_งาน_ว_ดอะไร") VALUES ('MTF001', 'ห้องแช่เยือกแข็งควบคุมอุณหภูมิ', 'Measuring', 'ห้อง FG 1');
INSERT INTO "equipment_master" ("equipment_id", "equipment_name", "equipment_type", "การนำไปใช_งาน_ว_ดอะไร") VALUES ('MTF002', 'ห้องแช่เยือกแข็งควบคุมอุณหภูมิ', 'Measuring', 'ห้อง FG 1.1');
INSERT INTO "equipment_master" ("equipment_id", "equipment_name", "equipment_type", "การนำไปใช_งาน_ว_ดอะไร") VALUES ('MTF003', 'ห้องแช่เยือกแข็งควบคุมอุณหภูมิ', 'Measuring', 'ห้อง FG 2');
INSERT INTO "equipment_master" ("equipment_id", "equipment_name", "equipment_type", "การนำไปใช_งาน_ว_ดอะไร") VALUES ('MTF004', 'ห้องแช่เยือกแข็งควบคุมอุณหภูมิ', 'Measuring', 'ห้อง FG 3');
INSERT INTO "equipment_master" ("equipment_id", "equipment_name", "equipment_type", "การนำไปใช_งาน_ว_ดอะไร") VALUES ('MTF005', 'ห้องแช่เยือกแข็งควบคุมอุณหภูมิ', 'Measuring', 'ห้อง Waste');
INSERT INTO "equipment_master" ("equipment_id", "equipment_name", "equipment_type", "การนำไปใช_งาน_ว_ดอะไร") VALUES ('MDT001', 'HANNA - IC', 'Measuring', 'วัดอุณหภูมิแกนกลางวัตถุดิบ (จุดรับวัตถุดิบ กลุ่ม RM)');
INSERT INTO "equipment_master" ("equipment_id", "equipment_name", "equipment_type", "การนำไปใช_งาน_ว_ดอะไร") VALUES ('MDT002', 'HANNA - IP', 'Measuring', 'วัดอุณหภูมิวัตถุดิบ / หมูหมักบน Hopper และอื่นๆในห้องผลิต');
INSERT INTO "equipment_master" ("equipment_id", "equipment_name", "equipment_type", "การนำไปใช_งาน_ว_ดอะไร") VALUES ('MDT003', 'Data Logger', 'Measuring', 'เก็บข้อมูลผลิตภัณฑ์');
INSERT INTO "equipment_master" ("equipment_id", "equipment_name", "equipment_type", "การนำไปใช_งาน_ว_ดอะไร") VALUES ('MIT001', 'Infared Thermometer - QA', 'Measuring', 'วัดอุณหภูมิรถขนส่งในกลุ่มวัตถุดิบ RM');
INSERT INTO "equipment_master" ("equipment_id", "equipment_name", "equipment_type", "การนำไปใช_งาน_ว_ดอะไร") VALUES ('MIT002', 'Infared Thermometer - PD', 'Measuring', 'วัดอุณหภูมิพื้นผิวผลิตภัณฑ์');
INSERT INTO "equipment_master" ("equipment_id", "equipment_name", "equipment_type", "การนำไปใช_งาน_ว_ดอะไร") VALUES (NULL, NULL, NULL, ' ');
INSERT INTO "equipment_master" ("equipment_id", "equipment_name", "equipment_type", "การนำไปใช_งาน_ว_ดอะไร") VALUES ('MRF001', 'Refractometer (Brix)', 'Measuring', 'วัดค่าความหวานของน้ำซอสหมัก และผลิตภัณฑ์');
INSERT INTO "equipment_master" ("equipment_id", "equipment_name", "equipment_type", "การนำไปใช_งาน_ว_ดอะไร") VALUES ('MRF002', 'Refractometer (Salt)', 'Measuring', 'วัดค่าความเค็มของน้ำซอสหมัก และผลิตภัณฑ์');
INSERT INTO "equipment_master" ("equipment_id", "equipment_name", "equipment_type", "การนำไปใช_งาน_ว_ดอะไร") VALUES ('MPH001', 'pH Meter 001', 'Measuring', 'วัดค่าคุณภาพของน้ำใช้ภายในโรงงาน');
INSERT INTO "equipment_master" ("equipment_id", "equipment_name", "equipment_type", "การนำไปใช_งาน_ว_ดอะไร") VALUES ('MPH002', 'pH Meter 002', 'Measuring', 'วัดค่าคุณภาพของน้ำใช้ภายในโรงงาน (เครื่องสำรอง)');
INSERT INTO "equipment_master" ("equipment_id", "equipment_name", "equipment_type", "การนำไปใช_งาน_ว_ดอะไร") VALUES ('TMD001', 'Metal Detector - S', 'Testing', 'ทดสอบสิ่งแปลกปลอมที่ปะปนกับผลิตภัณฑ์ เครื่อง S');
INSERT INTO "equipment_master" ("equipment_id", "equipment_name", "equipment_type", "การนำไปใช_งาน_ว_ดอะไร") VALUES ('TMD002', 'Metal Detector - L', 'Testing', 'ทดสอบสิ่งแปลกปลอมที่ปะปนกับผลิตภัณฑ์ เครื่อง L');
INSERT INTO "equipment_master" ("equipment_id", "equipment_name", "equipment_type", "การนำไปใช_งาน_ว_ดอะไร") VALUES ('VSC001', 'Visual Check', 'Visual', 'ตรวจสอบด้วยสายตา');
INSERT INTO "equipment_master" ("equipment_id", "equipment_name", "equipment_type", "การนำไปใช_งาน_ว_ดอะไร") VALUES ('TTS001', 'Test Strips Chlorine Concentration', 'Testing ', 'ทดสอบความเข้มข้นคลอรีน');
INSERT INTO "equipment_master" ("equipment_id", "equipment_name", "equipment_type", "การนำไปใช_งาน_ว_ดอะไร") VALUES ('TTS002', 'Test Strips QAC Concentration', 'Testing ', 'ทดสอบความเข้มข้นสารละลายกลุ่ม QAC');

DROP TABLE IF EXISTS "ccp_master";
CREATE TABLE "ccp_master" (
    "id" INTEGER PRIMARY KEY AUTOINCREMENT,
    "ccp_id" TEXT,
    "process_id" TEXT,
    "ccp_name" TEXT,
    "critical_limit" TEXT
);
INSERT INTO "ccp_master" ("ccp_id", "process_id", "ccp_name", "critical_limit") VALUES ('CCP001', 'PC0012', 'ตรวจจับสิ่งแปลกปลอม Fe', 'ø 1.0 mm.');
INSERT INTO "ccp_master" ("ccp_id", "process_id", "ccp_name", "critical_limit") VALUES ('CCP002', 'PC0012', 'ตรวจจับสิ่งแปลกปลอม Non Fe', 'ø 1.5 mm.');
INSERT INTO "ccp_master" ("ccp_id", "process_id", "ccp_name", "critical_limit") VALUES ('CCP003', 'PC0012', 'ตรวจจับสิ่งแปลกปลอม SUS', 'ø 2.0 mm.');
INSERT INTO "ccp_master" ("ccp_id", "process_id", "ccp_name", "critical_limit") VALUES ('CCP021', 'PC0010', 'ตรวจจับสิ่งแปลกปลอม Fe', 'ø 1.0 mm.');
INSERT INTO "ccp_master" ("ccp_id", "process_id", "ccp_name", "critical_limit") VALUES ('CCP022', 'PC0010', 'ตรวจจับสิ่งแปลกปลอม Non Fe', 'ø 1.5 mm.');
INSERT INTO "ccp_master" ("ccp_id", "process_id", "ccp_name", "critical_limit") VALUES ('CCP023', 'PC0010', 'ตรวจจับสิ่งแปลกปลอม SUS', 'ø 2.0 mm.');
INSERT INTO "ccp_master" ("ccp_id", "process_id", "ccp_name", "critical_limit") VALUES ('CCP004', 'PC0008', 'อุณหภูมิหลังการทำให้สุก', '≥ 75 °C');

DROP TABLE IF EXISTS "process_parameter_map";
CREATE TABLE "process_parameter_map" (
    "id" INTEGER PRIMARY KEY AUTOINCREMENT,
    "process_id" TEXT,
    "process_name" TEXT,
    "parameter_id" TEXT,
    "equipment_id" TEXT
);
INSERT INTO "process_parameter_map" ("process_id", "process_name", "parameter_id", "equipment_id") VALUES ('PC0012', 'CCP001', 'PR008', 'TMD001');
INSERT INTO "process_parameter_map" ("process_id", "process_name", "parameter_id", "equipment_id") VALUES ('PC0012', 'CCP002', 'PR009', 'TMD001');
INSERT INTO "process_parameter_map" ("process_id", "process_name", "parameter_id", "equipment_id") VALUES ('PC0012', 'CCP003', 'PR010', 'TMD001');

DROP TABLE IF EXISTS "machine_master";
CREATE TABLE "machine_master" (
    "id" INTEGER PRIMARY KEY AUTOINCREMENT,
    "machine_id" TEXT,
    "machine_name" TEXT,
    "process_id" TEXT,
    "machine_type" TEXT
);
INSERT INTO "machine_master" ("machine_id", "machine_name", "process_id", "machine_type") VALUES ('MC001', 'meat_cutter', 'P003', 'processing_machine');
INSERT INTO "machine_master" ("machine_id", "machine_name", "process_id", "machine_type") VALUES ('MC002', 'marinade_mixer', 'P005', 'processing_machine');
INSERT INTO "machine_master" ("machine_id", "machine_name", "process_id", "machine_type") VALUES ('MC003', 'skewer_machine', 'P006', 'processing_machine');
INSERT INTO "machine_master" ("machine_id", "machine_name", "process_id", "machine_type") VALUES ('MC004', 'grill_machine', 'P007', 'cooking_machine');
INSERT INTO "machine_master" ("machine_id", "machine_name", "process_id", "machine_type") VALUES ('MC005', 'metal_detector_unit', 'P009', 'inspection_machine');
INSERT INTO "machine_master" ("machine_id", "machine_name", "process_id", "machine_type") VALUES ('MC006', 'vacuum_packer', 'P010', 'packing_machine');
INSERT INTO "machine_master" ("machine_id", "machine_name", "process_id", "machine_type") VALUES ('MC007', 'blast_freezer', 'P011', 'freezing_machine');

COMMIT;
PRAGMA foreign_keys = ON;